Workbook

Sheet cg_loading
A1: Fill out the table below, use statistical data on the component weight fractions
C2: Unit | G2: Unit
A3: (x/c)OEW cg | B3: 0.15 | C3: fraction of MAC | E3: Fuselage length | F3: 36.466 | G3: m
B4: this one I didn't change from ADSEE, might not be ours | E4: Nacelle length | F4: ='Propultion System 2'!D27 -> 3.9 | G4: m
E5: MAC | F5: =Wing!B19 -> 3.4372349 | G5: m
E6: =IF(OR('Configuration Selection'!$B$13="Under wing",'Configuration Selection'!$B$13="Over wing",'Configuration Selection'!$B$13="Burried in the wing"),"x_hl","X_hl") -> X_hl | F6: =0.4*'Propultion System 2'!D27 -> 1.56 | G6: m
B8: fuselage group | E8: wing group
A9: item | B9: Mi | C9: Xi (m) | D9: MiXi (m) | E9: Mj | F9: xj (m) | G9: Mjxj (m)
A10: wing | E10: =B48 -> 0.197 | F10: 1.5 | G10: =E10*F10 -> 0.2955
A11: empennage | B11: =B49+B50 -> 0.043 | C11: 35.5 | D11: =B11*C11 -> 1.5265
A12: fuselage | B12: =B51 -> 0.35 | C12: 18.23 | D12: =B12*C12 -> 6.3805
A13: Main Landing gear | E13: =B52 -> 0.058 | F13: 1.7 | G13: =E13*F13 -> 0.0986
A14: propulsion | B14: =B54 -> 0.133 | C14: =28.6+F6 -> 30.16 | D14: =B14*C14 -> 4.01128
A15: Nose Landing gear | B15: 0.008 | C15: =21.63-18.8 -> 2.83 | D15: =B15*C15 -> 0.02264
A16: Cockpit Systems | B16: 0.023 | C16: 2.47 | D16: =B16*C16 -> 0.05681
A17: sum | B17: =SUM(B10:B16) -> 0.557 | C17: =SUM(D10:D16)/B17 -> 21.53991 | D17: =B17*C17 -> 11.99773 | E17: =SUM(E10:E16) -> 0.255 | F17: =SUM(G10:G16)/E17 -> 1.5454902 | G17: =E17*(F17+C20) -> 5.39465
D19: Unit
A20: Calculate the leading edge position of the MAC | B20: XLEMAC | C20: 19.61 | D20: m | G20: Last updated 30.03 | I20: =C20/'CRJ-1000 Loading Diagram'!C3 -> 0.53623188
B21: XTEMAC | C21: =C20+F5 -> 23.047235 | D21: m
A22: Next, calculate the CG travel during loading in the table below
A23: The loading diagram will be plotted automatically
A25: item | B25: Mi | C25: Xi (m) | D25: MiXi (m)
A26: OEW | B26: ='Mass Estimation'!B12 -> 0.5568684 | C26: 21.47 | D26: =B26*C26 -> 11.955964 | E26: =(D17+G17)/(B17+E17) -> 21.419187
A27: payload | B27: ='Mass Estimation'!B24 -> 0.2873439 | C27: 18.94 | D27: =B27*C27 -> 5.4422935 | E27: <--- calculation in payload stuff
A28: fuel | B28: ='Mass Estimation'!B5 -> 0.1557877 | C28: =C20+F5/4 -> 20.469309 | D28: =B28*C28 -> 3.1888666 | E28: <--- i'd say it's a reasonably reasonable assumption ( influences loading diagram a lot, so change to improve that)
A29: X_(WOE+WP) | B29: =B26+B27 -> 0.8442123 | C29: =((D26+D27)/(B29)) -> 20.608866
A30: X_(WOE+WP+WF) | B30: =B26+B27+B28 -> 1 | C30: =((D26+D27+D28)/(B30)) -> 20.587125
A31: X_(WOE+WF) | B31: =B26+B28 -> 0.7126561 | C31: =((D26+D28)/(B31)) -> 21.251247
G32: x
C33: Unit
A34: Most forward CG position | B34: =MIN(C29:C31) -> 20.587125 | C34: m
A35: Most aft CG position | B35: =MAX(C29:C31) -> 21.251247 | C35: m
A37: Copy the loading diagram that is generated from Excel to a program of your choice (paint, powerpoint, etc.). Save this as a separate image with the name <studentID>_loadingDiagram.jpg
A39: Complete aircraft 3 view drawings
A40: Now that you know the position of the wing from the leading edge MAC position, you can make a 3 view drawing of your aircraft.
A41: Complete the 3 view drawings of your aircraft. Combine wing, fuselage and propulsion systems in the different views. Indicate the CG positions (OEW, forward, aft) in the side view.
A43: Make a picture of your drawing, this may come in handy later!
B47: frac | C47: mass
A48: Wing | B48: 0.197 | C48: =B48*'Mass Estimation'!$B$16 -> 4568.036
A49: Horizontal Tail | B49: 0.025 | C49: =B49*'Mass Estimation'!$B$16 -> 579.7
A50: Vertical Tail | B50: 0.018 | C50: =B50*'Mass Estimation'!$B$16 -> 417.384
A51: Fuselage | B51: 0.35 | C51: =B51*'Mass Estimation'!$B$16 -> 8115.8
A52: Main Landing gear | B52: 0.058 | C52: =B52*'Mass Estimation'!$B$16 -> 1344.904
A53: Nose Landing gear | B53: 0.008 | C53: =B53*'Mass Estimation'!$B$16 -> 185.504
A54: Propultion System | B54: 0.133 | C54: =B54*'Mass Estimation'!$B$16 -> 3084.004
A55: Cockpit Systems | B55: 0.023 | C55: =B55*'Mass Estimation'!$B$16 -> 533.324
A56: rest | B56: =1-SUM(B48:B55) -> 0.188 | C56: =B56*'Mass Estimation'!$B$16 -> 4359.344
B58: =SUM(B48:B55) -> 0.812 | C58: =SUM(C48:C56) -> 23188

Sheet cg_loading_exx
A1: Fill out the table below, use statistical data on the component weight fractions
C2: Unit | G2: Unit
E3: Fuselage length | F3: 36.466 | G3: m
E4: Nacelle length | F4: ='Propultion System 2'!D27 -> 3.9 | G4: m
E5: MAC | F5: =Wing!B19 -> 3.4372349 | G5: m
E6: =IF(OR('Configuration Selection'!$B$13="Under wing",'Configuration Selection'!$B$13="Over wing",'Configuration Selection'!$B$13="Burried in the wing"),"x_hl","X_hl") -> X_hl | F6: =0.4*'Propultion System 2'!D27 -> 1.56 | G6: m
B8: fuselage group | E8: wing group
A9: item | B9: Mi | C9: Xi (m) | D9: MiXi (m) | E9: Mj | F9: xj (m) | G9: Mjxj (m)
A10: wing | E10: =C58 -> 0.18483002 | F10: =cg_loading!F10 -> 1.5 | G10: =E10*F10 -> 0.27724503
A11: empennage | B11: =C59+C60 -> 0.044333636 | C11: =cg_loading!C11 -> 35.5 | D11: =B11*C11 -> 1.5738441
A12: fuselage | B12: =C61 -> 0.33559532 | C12: =cg_loading!C12 -> 18.23 | D12: =B12*C12 -> 6.1179026
A13: Main Landing gear | E13: =C62 -> 0.070477226 | F13: =cg_loading!F13 -> 1.7 | G13: =E13*F13 -> 0.11981128
A14: propulsion | B14: =C64 -> 0.13712497 | C14: =cg_loading!C14 -> 30.16 | D14: =B14*C14 -> 4.135689
A15: Nose Landing gear | B15: =C63 -> 0.010094712 | C15: =cg_loading!C15 -> 2.83 | D15: =B15*C15 -> 0.028568035
A16: Cockpit Systems | B16: 0.023 | C16: =cg_loading!C16 -> 2.47 | D16: =B16*C16 -> 0.05681
A17: sum | B17: =SUM(B10:B16) -> 0.55014863 | C17: =SUM(D10:D16)/B17 -> 21.65381 | E17: =SUM(E10:E16) -> 0.25530725 | F17: =SUM(G10:G16)/E17 -> 1.5552097
D19: Unit
A20: Calculate the leading edge position of the MAC | B20: XLEMAC | C20: 19.61 | D20: m | G20: Last updated 1.04
B21: XTEMAC | C21: =C20+F5 -> 23.047235 | D21: m
A22: Next, calculate the CG travel during loading in the table below
A23: The loading diagram will be plotted automatically
A25: item | B25: Mi | C25: Xi (m) | D25: MiXi (m)
A26: OEW | B26: =B68/'Weight Pie Charts'!D36 -> 0.54011679 | C26: =(B17*C17+E17*(F17+C20))/(B17+E17) -> 21.498937 | D26: =B26*C26 -> 11.611937
A27: Batteries | B27: =H65/'Weight Pie Charts'!D36 -> 0.10806916 | C27: =G65 -> 21.304863 | D27: =B27*C27 -> 2.3023987
A28: payload | B28: =H66/'Weight Pie Charts'!D36 -> 0.2622488 | C28: =G66 -> 18.368629 | D28: =B28*C28 -> 4.817151
A29: payload w/ batteries | B29: =SUM(B27:B28) -> 0.37031796 | C29: 18.94 | D29: =B29*C29 -> 7.0138222 | E29: <--- calculation in bottom right
A30: fuel | B30: =1-B29-B26 -> 0.089565251 | C30: =cg_loading!C28 -> 20.469309 | D30: =B30*C30 -> 1.8333388 | E30: <--- i'd say it's a reasonably reasonable assumption ( influences loading diagram a lot, so change to improve that)
A31: X_(WOE+WP) | B31: =B26+B28 -> 0.80236558 | C31: =((D26+D29)/(B31)) -> 23.213557
A32: X_(WOE+WP+WF) | B32: =B26+B28+B30 -> 0.89193084 | C32: =((D26+D29+D30)/(B32)) -> 22.937987
A33: X_(WOE+WF) | B33: =B26+B30 -> 0.62968204 | C33: =((D26+D30)/(B33)) -> 21.352484
A34: X_(WOE+B) | B34: =B26+B27 -> 0.64818595 | C34: =(D26+D27)/(B34) -> 21.46658 | G34: x
A35: X_(WOE+WP+B) | B35: =B26+B28+B27 -> 0.91043475 | C35: =(D26+D28+D27)/(B35) -> 20.574222
A36: X_(WOE+WF+B) | B36: =B26+B30+B27 -> 0.7377512 | C36: =(D26+D30+D27)/(B36) -> 21.345508
A37: X_(WOE+WF+WP+B) | B37: =B26+B30+B28+B27 -> 1 | C37: =(D26+D30+D28+D27)/(B37) -> 20.564825
A38: Red not used in loading diagram
B39: =B30*'Weight Pie Charts'!D7 -> 3729.4971
C43: Unit | O43: OEW | P43: =B26 -> 0.54011679
A44: Most forward CG position | B44: =MIN(C31:C33) -> 21.352484 | C44: m | O44: Wp(cabin) | P44: =H64/'Weight Pie Charts'!D36 -> 0.18403074
A45: Most aft CG position | B45: =MAX(C31:C33) -> 23.213557 | C45: m | O45: WF | P45: =B30 -> 0.089565251
O46: Wbat(aft) | P46: =H63/'Weight Pie Charts'!D36 -> 0.05943804
A47: Copy the loading diagram that is generated from Excel to a program of your choice (paint, powerpoint, etc.). Save this as a separate image with the name <studentID>_loadingDiagram.jpg | O47: Wbat(front) | P47: =H61/'Weight Pie Charts'!D36 -> 0.048631124
O48: Wp(aft) | P48: =H62/'Weight Pie Charts'!D36 -> 0.059747963
A49: Complete aircraft 3 view drawings | O49: Wp(front) | P49: =H60/'Weight Pie Charts'!D36 -> 0.018470096
A50: Now that you know the position of the wing from the leading edge MAC position, you can make a 3 view drawing of your aircraft.
A51: Complete the 3 view drawings of your aircraft. Combine wing, fuselage and propulsion systems in the different views. Indicate the CG positions (OEW, forward, aft) in the side view.
A53: Make a picture of your drawing, this may come in handy later!
B57: mass
A58: Wing | B58: =cg_loading!C48*0.91 -> 4156.9128 | C58: =B58/$B$68 -> 0.18483002 | F58: payload cg | G58: x [m] | H58: m [kg] | I58: xm [kgm]
A59: Horizontal Tail | B59: =cg_loading!C49 -> 579.7 | C59: =B59/$B$68 -> 0.02577537 | M59: xlemac/MAC
A60: Vertical Tail | B60: =cg_loading!C50 -> 417.384 | C60: =B60/$B$68 -> 0.018558266 | F60: cargo front | G60: ='pay, load, stuff'!D4+G76*(H70/2) -> 11.446654 | H60: ='Weight Pie Charts'!D44 -> 769.09481 | I60: =G60*H60 -> 8803.5622 | K60: =H60/41640 -> 0.018470096 | M60: =($G60-$C$20)/$F$5 -> -2.3749747
A61: Fuselage | B61: =cg_loading!C51*0.93 -> 7547.694 | C61: =B61/$B$68 -> 0.33559532 | F61: battery front | G61: ='pay, load, stuff'!D4 -G76*(0.5-H70/2) -> 9.396654 | H61: 2025 | I61: =G61*H61 -> 19028.224 | K61: =H61/41640 -> 0.048631124 | M61: =(G61-C$20)/F$5 -> -2.9713844
A62: Main Landing gear | B62: =cg_loading!C52*C72/B72 -> 1585.0654 | C62: =B62/$B$68 -> 0.070477226 | F62: cargo aft | G62: ='pay, load, stuff'!E4-G77* (H73/2) -> 28.912942 | H62: ='Weight Pie Charts'!D43 -> 2487.9052 | I62: =G62*H62 -> 71932.659 | K62: =H62/41640 -> 0.059747963 | M62: =(G62-C$20)/F$5 -> 2.7065192
A63: Nose Landing gear | B63: =cg_loading!C53*C74/B74 -> 227.03475 | C63: =B63/$B$68 -> 0.010094712 | F63: battery aft | G63: ='pay, load, stuff'!E4+G77*(0.5-H73/2) -> 31.047942 | H63: 2475 | I63: =G63*H63 -> 76843.657 | K63: =H63/41640 -> 0.05943804 | M63: =(G63-C$20)/F$5 -> 3.3276581
A64: Propultion System | B64: =cg_loading!C54 -> 3084.004 | C64: =B64/$B$68 -> 0.13712497 | F64: payload cabin | G64: 15.64 | H64: ='pay, load, stuff'!F7 - 12*'CRJ-1000 Loading Diagram'!C7 -> 7663.04 | I64: =G64*H64 -> 119849.95 | K64: =H64/41640 -> 0.18403074 | M64: =(G64-C$20)/F$5 -> -1.1549982
A65: Cockpit Systems | B65: =cg_loading!C55 -> 533.324 | C65: =B65/$B$68 -> 0.02371334 | F65: battery | G65: =(SUM(I61,I63)/(H65)) -> 21.304863 | H65: =H61+H63 -> 4500 | I65: =G65*H65 -> 95871.882 | K65: =H65/41640 -> 0.10806916
A66: rest | B66: =cg_loading!C56 -> 4359.344 | C66: =B66/$B$68 -> 0.19383078 | F66: payload | G66: =SUM(I60,I62,I64)/H66 -> 18.368629 | H66: =H60+H62+H64 -> 10920.04 | I66: =G66*H66 -> 200586.17 | K66: =H66/41640 -> 0.2622488
F67: payload whole | G67: =SUM(I65:I66)/H67 -> 27.148173 | H67: 10920 | K67: =H67/41640 -> 0.26224784
B68: =SUM(B58:B66) -> 22490.463 | C68: =SUM(C58:C65) -> 0.80616922 | G68: [m3] | L68: fuel | M68: =(C30-C20)/F5 -> 0.25
F69: V_front | G69: 5.26
F70: V_bat_front | G70: 1.3 | H70: =G70/G69 -> 0.24714829
B71: l_mlg_1000 | C71: l_mlg_exx | F71: V_cargo_front | G71: =G69-G70 -> 3.96
B72: 1.68 | C72: 1.98 | F72: V_aft | G72: 14.41
B73: l_nlg_1000 | C73: l_nlg_exx | F73: V_bat_aft | G73: 1.6 | H73: =G73/G72 -> 0.111034
B74: 1.34 | C74: 1.64 | F74: V_cargo_aft | G74: =G72-G73 -> 12.81
F76: l_cargo_front | G76: 4.1
F77: l_cargo_aft | G77: 4.27
G79: approximate

Sheet CRJ-1000 Loading Diagram
B2: MAC | C2: =cg_loading!F5 -> 3.4372349
B3: lf | C3: =36.57 -> 36.57 | G3: mass [kg] | H3: x_front [m] | I3: moment [kg*m] | J3: mass total [kg] | K3: moment total [kg*m] | L3: xcg_nose [m] | M3: xcg_lemac [m] | N3: xcg_lemac_mac [-] | R3: mass [kg] | S3: x_front [m] | T3: moment [kg*m] | U3: mass total [kg] | V3: moment total [kg*m] | W3: xcg_nose [m] | X3: xcg_lemac [m] | Y3: xcg_lemac_mac [-]
B4: x_LEMAC/lf | C4: =cg_loading!I20 -> 0.53623188 | F4: OEW | G4: ='Weight Pie Charts'!D9 -> 23188 | H4: =cg_loading!C26 -> 21.47 | I4: =G4*H4 -> 497846.36 | J4: =G4 -> 23188 | K4: =I4 -> 497846.36 | L4: =K4/J4 -> 21.47 | M4: =L4-C$5 -> 1.86 | N4: =M4/C$2 -> 0.54113264 | Q4: OEW | R4: =G4 -> 23188 | S4: =H4 -> 21.47 | T4: =R4*S4 -> 497846.36 | U4: =R4 -> 23188 | V4: =T4 -> 497846.36 | W4: =V4/U4 -> 21.47 | X4: =W4-C$5 -> 1.86 | Y4: =X4/C$2 -> 0.54113264
B5: x_LEMAC | C5: =C3*C4 -> 19.61 | E5: cargo | F5: cargo aft | G5: ='Weight Pie Charts'!D27 -> 2386.0381 | H5: ='pay, load, stuff'!E4 -> 29.15 | I5: =G5*H5 -> 69553.011 | J5: =J4+G5 -> 25574.038 | K5: =K4+I5 -> 567399.37 | L5: =K5/J5 -> 22.186538 | M5: =L5-C$5 -> 2.5765381 | N5: =M5/C$2 -> 0.74959617 | Q5: cargo front | R5: =G6 -> 870.96187 | S5: =H6 -> 10.94 | T5: =R5*S5 -> 9528.3229 | U5: =U4+R5 -> 24058.962 | V5: =V4+T5 -> 507374.68 | W5: =V5/U5 -> 21.088802 | X5: =W5-C$5 -> 1.478802 | Y5: =X5/C$2 -> 0.43023012
F6: cargo front | G6: ='Weight Pie Charts'!D26 -> 870.96187 | H6: ='pay, load, stuff'!D4 -> 10.94 | I6: =G6*H6 -> 9528.3229 | J6: =J5+G6 -> 26445 | K6: =K5+I6 -> 576927.69 | L6: =K6/J6 -> 21.816135 | M6: =L6-C$5 -> 2.2061352 | N6: =M6/C$2 -> 0.64183427 | Q6: cargo aft | R6: =G5 -> 2386.0381 | S6: =H5 -> 29.15 | T6: =R6*S6 -> 69553.011 | U6: =U5+R6 -> 26445 | V6: =V5+T6 -> 576927.69 | W6: =V6/U6 -> 21.816135 | X6: =W6-C$5 -> 2.2061352 | Y6: =X6/C$2 -> 0.64183427
B7: Standard person mass | C7: ='Weight Pie Charts'!D10/100 -> 87.08 | E7: back to front | F7: w row 25 | G7: =C$8/2*C$7 -> 174.16 | H7: =C42+24*C9+C9/2 -> 24.9413 | I7: =G7*H7 -> 4343.7768 | J7: =J6+G7 -> 26619.16 | K7: =K6+I7 -> 581271.47 | L7: =K7/J7 -> 21.836582 | M7: =L7-C$5 -> 2.226582 | N7: =M7/C$2 -> 0.64778291 | P7: front to back | Q7: w row 1 | R7: =C$8*C$7/2 -> 174.16 | S7: =C42+C9/2 -> 6.0437 | T7: =R7*S7 -> 1052.5708 | U7: =U6+R7 -> 26619.16 | V7: =V6+T7 -> 577980.27 | W7: =V7/U7 -> 21.712942 | X7: =W7-C$5 -> 2.1029415 | Y7: =X7/C$2 -> 0.611812
B8: pax per row | C8: 4 | F8: w row 24 | G8: =C$8/2*C$7 -> 174.16 | H8: =H7-C$9 -> 24.1539 | I8: =G8*H8 -> 4206.6432 | J8: =J7+G8 -> 26793.32 | K8: =K7+I8 -> 585478.11 | L8: =K8/J8 -> 21.851645 | M8: =L8-C$5 -> 2.2416449 | N8: =M8/C$2 -> 0.65216518 | Q8: w row 2 | R8: =C$8*C$7/2 -> 174.16 | S8: =S7+C$9 -> 6.8311 | T8: =R8*S8 -> 1189.7044 | U8: =U7+R8 -> 26793.32 | V8: =V7+T8 -> 579169.97 | W8: =V8/U8 -> 21.616208 | X8: =W8-C$5 -> 2.0062077 | Y8: =X8/C$2 -> 0.58366906
B9: seat pitch [m] | C9: =31*0.0254 -> 0.7874 | F9: w row 23 | G9: =C$8/2*C$7 -> 174.16 | H9: =H8-C$9 -> 23.3665 | I9: =G9*H9 -> 4069.5096 | J9: =J8+G9 -> 26967.48 | K9: =K8+I9 -> 589547.62 | L9: =K9/J9 -> 21.861428 | M9: =L9-C$5 -> 2.2514281 | N9: =M9/C$2 -> 0.65501141 | Q9: w row 3 | R9: =C$8*C$7/2 -> 174.16 | S9: =S8+C$9 -> 7.6185 | T9: =R9*S9 -> 1326.838 | U9: =U8+R9 -> 26967.48 | V9: =V8+T9 -> 580496.81 | W9: =V9/U9 -> 21.525808 | X9: =W9-C$5 -> 1.9158084 | Y9: =X9/C$2 -> 0.55736906
F10: w row 22 | G10: =C$8/2*C$7 -> 174.16 | H10: =H9-C$9 -> 22.5791 | I10: =G10*H10 -> 3932.3761 | J10: =J9+G10 -> 27141.64 | K10: =K9+I10 -> 593480 | L10: =K10/J10 -> 21.866033 | M10: =L10-C$5 -> 2.2560332 | N10: =M10/C$2 -> 0.65635117 | Q10: w row 4 | R10: =C$8*C$7/2 -> 174.16 | S10: =S9+C$9 -> 8.4059 | T10: =R10*S10 -> 1463.9715 | U10: =U9+R10 -> 27141.64 | V10: =V9+T10 -> 581960.78 | W10: =V10/U10 -> 21.441622 | X10: =W10-C$5 -> 1.8316218 | Y10: =X10/C$2 -> 0.53287652
B11: I made this sheet to set up an Excel for the loading diagram described in "Generation of Loading Diagram and determination of optimum tail surface" (Additional Material in Brightspace). | F11: w row 21 | G11: =C$8/2*C$7 -> 174.16 | H11: =H10-C$9 -> 21.7917 | I11: =G11*H11 -> 3795.2425 | J11: =J10+G11 -> 27315.8 | K11: =K10+I11 -> 597275.24 | L11: =K11/J11 -> 21.865559 | M11: =L11-C$5 -> 2.2555592 | N11: =M11/C$2 -> 0.65621329 | Q11: w row 5 | R11: =C$8*C$7/2 -> 174.16 | S11: =S10+C$9 -> 9.1933 | T11: =R11*S11 -> 1601.1051 | U11: =U10+R11 -> 27315.8 | V11: =V10+T11 -> 583561.88 | W11: =V11/U11 -> 21.363529 | X11: =W11-C$5 -> 1.753529 | Y11: =X11/C$2 -> 0.51015686
F12: w row 20 | G12: =C$8/2*C$7 -> 174.16 | H12: =H11-C$9 -> 21.0043 | I12: =G12*H12 -> 3658.1089 | J12: =J11+G12 -> 27489.96 | K12: =K11+I12 -> 600933.35 | L12: =K12/J12 -> 21.860103 | M12: =L12-C$5 -> 2.2501028 | N12: =M12/C$2 -> 0.65462584 | Q12: w row 6 | R12: =C$8*C$7/2 -> 174.16 | S12: =S11+C$9 -> 9.9807 | T12: =R12*S12 -> 1738.2387 | U12: =U11+R12 -> 27489.96 | V12: =V11+T12 -> 585300.12 | W12: =V12/U12 -> 21.291414 | X12: =W12-C$5 -> 1.6814141 | Y12: =X12/C$2 -> 0.48917638
F13: w row 19 | G13: =C$8/2*C$7 -> 174.16 | H13: =H12-C$9 -> 20.2169 | I13: =G13*H13 -> 3520.9753 | J13: =J12+G13 -> 27664.12 | K13: =K12+I13 -> 604454.33 | L13: =K13/J13 -> 21.849758 | M13: =L13-C$5 -> 2.239758 | N13: =M13/C$2 -> 0.65161621 | Q13: w row 7 | R13: =C$8*C$7/2 -> 174.16 | S13: =S12+C$9 -> 10.7681 | T13: =R13*S13 -> 1875.3723 | U13: =U12+R13 -> 27664.12 | V13: =V12+T13 -> 587175.5 | W13: =V13/U13 -> 21.225164 | X13: =W13-C$5 -> 1.6151644 | Y13: =X13/C$2 -> 0.46990225
F14: w row 18 | G14: =C$8/2*C$7 -> 174.16 | H14: =H13-C$9 -> 19.4295 | I14: =G14*H14 -> 3383.8417 | J14: =J13+G14 -> 27838.28 | K14: =K13+I14 -> 607838.17 | L14: =K14/J14 -> 21.834617 | M14: =L14-C$5 -> 2.2246165 | N14: =M14/C$2 -> 0.64721108 | Q14: w row 8 | R14: =C$8*C$7/2 -> 174.16 | S14: =S13+C$9 -> 11.5555 | T14: =R14*S14 -> 2012.5059 | U14: =U13+R14 -> 27838.28 | V14: =V13+T14 -> 589188 | W14: =V14/U14 -> 21.16467 | X14: =W14-C$5 -> 1.5546697 | Y14: =X14/C$2 -> 0.45230243
F15: w row 17 | G15: =C$8/2*C$7 -> 174.16 | H15: =H14-C$9 -> 18.6421 | I15: =G15*H15 -> 3246.7081 | J15: =J14+G15 -> 28012.44 | K15: =K14+I15 -> 611084.88 | L15: =K15/J15 -> 21.814768 | M15: =L15-C$5 -> 2.2047679 | N15: =M15/C$2 -> 0.64143649 | Q15: w row 9 | R15: =C$8*C$7/2 -> 174.16 | S15: =S14+C$9 -> 12.3429 | T15: =R15*S15 -> 2149.6395 | U15: =U14+R15 -> 28012.44 | V15: =V14+T15 -> 591337.64 | W15: =V15/U15 -> 21.109823 | X15: =W15-C$5 -> 1.4998227 | Y15: =X15/C$2 -> 0.4363457
F16: w row 16 | G16: =C$8/2*C$7 -> 174.16 | H16: =H15-C$9 -> 17.8547 | I16: =G16*H16 -> 3109.5746 | J16: =J15+G16 -> 28186.6 | K16: =K15+I16 -> 614194.45 | L16: =K16/J16 -> 21.790299 | M16: =L16-C$5 -> 2.1802993 | N16: =M16/C$2 -> 0.63431782 | Q16: w row 10 | R16: =C$8*C$7/2 -> 174.16 | S16: =S15+C$9 -> 13.1303 | T16: =R16*S16 -> 2286.773 | U16: =U15+R16 -> 28186.6 | V16: =V15+T16 -> 593624.41 | W16: =V16/U16 -> 21.060519 | X16: =W16-C$5 -> 1.4505186 | Y16: =X16/C$2 -> 0.42200159
F17: w row 15 | G17: =C$8/2*C$7 -> 174.16 | H17: =H16-C$9 -> 17.0673 | I17: =G17*H17 -> 2972.441 | J17: =J16+G17 -> 28360.76 | K17: =K16+I17 -> 617166.89 | L17: =K17/J17 -> 21.761296 | M17: =L17-C$5 -> 2.151296 | N17: =M17/C$2 -> 0.62587982 | Q17: w row 11 | R17: =C$8*C$7/2 -> 174.16 | S17: =S16+C$9 -> 13.9177 | T17: =R17*S17 -> 2423.9066 | U17: =U16+R17 -> 28360.76 | V17: =V16+T17 -> 596048.32 | W17: =V17/U17 -> 21.016655 | X17: =W17-C$5 -> 1.4066554 | Y17: =X17/C$2 -> 0.40924041
F18: w row 14 | G18: =C$8/2*C$7 -> 174.16 | H18: =H17-C$9 -> 16.2799 | I18: =G18*H18 -> 2835.3074 | J18: =J17+G18 -> 28534.92 | K18: =K17+I18 -> 620002.2 | L18: =K18/J18 -> 21.727841 | M18: =L18-C$5 -> 2.1178408 | N18: =M18/C$2 -> 0.61614666 | Q18: w row 12 | R18: =C$8*C$7/2 -> 174.16 | S18: =S17+C$9 -> 14.7051 | T18: =R18*S18 -> 2561.0402 | U18: =U17+R18 -> 28534.92 | V18: =V17+T18 -> 598609.36 | W18: =V18/U18 -> 20.978133 | X18: =W18-C$5 -> 1.3681335 | Y18: =X18/C$2 -> 0.39803316
F19: w row 13 | G19: =C$8/2*C$7 -> 174.16 | H19: =H18-C$9 -> 15.4925 | I19: =G19*H19 -> 2698.1738 | J19: =J18+G19 -> 28709.08 | K19: =K18+I19 -> 622700.37 | L19: =K19/J19 -> 21.690015 | M19: =L19-C$5 -> 2.0800149 | N19: =M19/C$2 -> 0.60514192 | Q19: w row 13 | R19: =C$8*C$7/2 -> 174.16 | S19: =S18+C$9 -> 15.4925 | T19: =R19*S19 -> 2698.1738 | U19: =U18+R19 -> 28709.08 | V19: =V18+T19 -> 601307.53 | W19: =V19/U19 -> 20.944856 | X19: =W19-C$5 -> 1.3348556 | Y19: =X19/C$2 -> 0.38835157
B20: 28.03.2026 Update: I set up the masses for OEW, cargo, passengers and fuel, but I am lacking some geometric parameters, so the sheet is not working as it should (yet). Ideally, it should compute the parameters for boarding back to front and front to back. | F20: w row 12 | G20: =C$8/2*C$7 -> 174.16 | H20: =H19-C$9 -> 14.7051 | I20: =G20*H20 -> 2561.0402 | J20: =J19+G20 -> 28883.24 | K20: =K19+I20 -> 625261.41 | L20: =K20/J20 -> 21.647897 | M20: =L20-C$5 -> 2.0378973 | N20: =M20/C$2 -> 0.59288858 | Q20: w row 14 | R20: =C$8*C$7/2 -> 174.16 | S20: =S19+C$9 -> 16.2799 | T20: =R20*S20 -> 2835.3074 | U20: =U19+R20 -> 28883.24 | V20: =V19+T20 -> 604142.84 | W20: =V20/U20 -> 20.916727 | X20: =W20-C$5 -> 1.3067268 | Y20: =X20/C$2 -> 0.38016804
F21: w row 11 | G21: =C$8/2*C$7 -> 174.16 | H21: =H20-C$9 -> 13.9177 | I21: =G21*H21 -> 2423.9066 | J21: =J20+G21 -> 29057.4 | K21: =K20+I21 -> 627685.32 | L21: =K21/J21 -> 21.601565 | M21: =L21-C$5 -> 1.9915652 | N21: =M21/C$2 -> 0.5794091 | Q21: w row 15 | R21: =C$8*C$7/2 -> 174.16 | S21: =S20+C$9 -> 17.0673 | T21: =R21*S21 -> 2972.441 | U21: =U20+R21 -> 29057.4 | V21: =V20+T21 -> 607115.28 | W21: =V21/U21 -> 20.893655 | X21: =W21-C$5 -> 1.2836547 | Y21: =X21/C$2 -> 0.37345563
F22: w row 10 | G22: =C$8/2*C$7 -> 174.16 | H22: =H21-C$9 -> 13.1303 | I22: =G22*H22 -> 2286.773 | J22: =J21+G22 -> 29231.56 | K22: =K21+I22 -> 629972.09 | L22: =K22/J22 -> 21.551094 | M22: =L22-C$5 -> 1.9410939 | N22: =M22/C$2 -> 0.5647254 | Q22: w row 16 | R22: =C$8*C$7/2 -> 174.16 | S22: =S21+C$9 -> 17.8547 | T22: =R22*S22 -> 3109.5746 | U22: =U21+R22 -> 29231.56 | V22: =V21+T22 -> 610224.86 | W22: =V22/U22 -> 20.875549 | X22: =W22-C$5 -> 1.2655488 | Y22: =X22/C$2 -> 0.36818804
F23: w row 9 | G23: =C$8/2*C$7 -> 174.16 | H23: =H22-C$9 -> 12.3429 | I23: =G23*H23 -> 2149.6395 | J23: =J22+G23 -> 29405.72 | K23: =K22+I23 -> 632121.73 | L23: =K23/J23 -> 21.496557 | M23: =L23-C$5 -> 1.8865569 | N23: =M23/C$2 -> 0.54885888 | Q23: w row 17 | R23: =C$8*C$7/2 -> 174.16 | S23: =S22+C$9 -> 18.6421 | T23: =R23*S23 -> 3246.7081 | U23: =U22+R23 -> 29405.72 | V23: =V22+T23 -> 613471.57 | W23: =V23/U23 -> 20.862321 | X23: =W23-C$5 -> 1.2523208 | Y23: =X23/C$2 -> 0.36433962
F24: w row 8 | G24: =C$8/2*C$7 -> 174.16 | H24: =H23-C$9 -> 11.5555 | I24: =G24*H24 -> 2012.5059 | J24: =J23+G24 -> 29579.88 | K24: =K23+I24 -> 634134.24 | L24: =K24/J24 -> 21.438026 | M24: =L24-C$5 -> 1.8280261 | N24: =M24/C$2 -> 0.53183042 | Q24: w row 18 | R24: =C$8*C$7/2 -> 174.16 | S24: =S23+C$9 -> 19.4295 | T24: =R24*S24 -> 3383.8417 | U24: =U23+R24 -> 29579.88 | V24: =V23+T24 -> 616855.41 | W24: =V24/U24 -> 20.853885 | X24: =W24-C$5 -> 1.2438847 | Y24: =X24/C$2 -> 0.36188528
F25: w row 7 | G25: =C$8/2*C$7 -> 174.16 | H25: =H24-C$9 -> 10.7681 | I25: =G25*H25 -> 1875.3723 | J25: =J24+G25 -> 29754.04 | K25: =K24+I25 -> 636009.61 | L25: =K25/J25 -> 21.375572 | M25: =L25-C$5 -> 1.7655715 | N25: =M25/C$2 -> 0.51366043 | Q25: w row 19 | R25: =C$8*C$7/2 -> 174.16 | S25: =S24+C$9 -> 20.2169 | T25: =R25*S25 -> 3520.9753 | U25: =U24+R25 -> 29754.04 | V25: =V24+T25 -> 620376.38 | W25: =V25/U25 -> 20.850156 | X25: =W25-C$5 -> 1.2401562 | Y25: =X25/C$2 -> 0.36080054
F26: w row 6 | G26: =C$8/2*C$7 -> 174.16 | H26: =H25-C$9 -> 9.9807 | I26: =G26*H26 -> 1738.2387 | J26: =J25+G26 -> 29928.2 | K26: =K25+I26 -> 637747.85 | L26: =K26/J26 -> 21.309262 | M26: =L26-C$5 -> 1.6992618 | N26: =M26/C$2 -> 0.49436884 | Q26: w row 20 | R26: =C$8*C$7/2 -> 174.16 | S26: =S25+C$9 -> 21.0043 | T26: =R26*S26 -> 3658.1089 | U26: =U25+R26 -> 29928.2 | V26: =V25+T26 -> 624034.49 | W26: =V26/U26 -> 20.851053 | X26: =W26-C$5 -> 1.2410532 | Y26: =X26/C$2 -> 0.36106151
F27: w row 5 | G27: =C$8/2*C$7 -> 174.16 | H27: =H26-C$9 -> 9.1933 | I27: =G27*H27 -> 1601.1051 | J27: =J26+G27 -> 30102.36 | K27: =K26+I27 -> 639348.95 | L27: =K27/J27 -> 21.239164 | M27: =L27-C$5 -> 1.6291638 | N27: =M27/C$2 -> 0.47397511 | Q27: w row 21 | R27: =C$8*C$7/2 -> 174.16 | S27: =S26+C$9 -> 21.7917 | T27: =R27*S27 -> 3795.2425 | U27: =U26+R27 -> 30102.36 | V27: =V26+T27 -> 627829.73 | W27: =V27/U27 -> 20.856495 | X27: =W27-C$5 -> 1.2464954 | Y27: =X27/C$2 -> 0.36264482
B28: All cells in yellow have values that need to be calculated manually, the ones you see for now were (poorly) eyeballed! | F28: w row 4 | G28: =C$8/2*C$7 -> 174.16 | H28: =H27-C$9 -> 8.4059 | I28: =G28*H28 -> 1463.9715 | J28: =J27+G28 -> 30276.52 | K28: =K27+I28 -> 640812.93 | L28: =K28/J28 -> 21.165343 | M28: =L28-C$5 -> 1.5553429 | N28: =M28/C$2 -> 0.45249827 | Q28: w row 22 | R28: =C$8*C$7/2 -> 174.16 | S28: =S27+C$9 -> 22.5791 | T28: =R28*S28 -> 3932.3761 | U28: =U27+R28 -> 30276.52 | V28: =V27+T28 -> 631762.11 | W28: =V28/U28 -> 20.866404 | X28: =W28-C$5 -> 1.2564044 | Y28: =X28/C$2 -> 0.36552765
F29: w row 3 | G29: =C$8/2*C$7 -> 174.16 | H29: =H28-C$9 -> 7.6185 | I29: =G29*H29 -> 1326.838 | J29: =J28+G29 -> 30450.68 | K29: =K28+I29 -> 642139.76 | L29: =K29/J29 -> 21.087863 | M29: =L29-C$5 -> 1.4778629 | N29: =M29/C$2 -> 0.4299569 | Q29: w row 23 | R29: =C$8*C$7/2 -> 174.16 | S29: =S28+C$9 -> 23.3665 | T29: =R29*S29 -> 4069.5096 | U29: =U28+R29 -> 30450.68 | V29: =V28+T29 -> 635831.62 | W29: =V29/U29 -> 20.880703 | X29: =W29-C$5 -> 1.2707035 | Y29: =X29/C$2 -> 0.3696877
F30: w row 2 | G30: =C$8/2*C$7 -> 174.16 | H30: =H29-C$9 -> 6.8311 | I30: =G30*H30 -> 1189.7044 | J30: =J29+G30 -> 30624.84 | K30: =K29+I30 -> 643329.47 | L30: =K30/J30 -> 21.006786 | M30: =L30-C$5 -> 1.3967863 | N30: =M30/C$2 -> 0.40636916 | Q30: w row 24 | R30: =C$8*C$7/2 -> 174.16 | S30: =S29+C$9 -> 24.1539 | T30: =R30*S30 -> 4206.6432 | U30: =U29+R30 -> 30624.84 | V30: =V29+T30 -> 640038.26 | W30: =V30/U30 -> 20.899318 | X30: =W30-C$5 -> 1.2893178 | Y30: =X30/C$2 -> 0.37510319
B31: The values have now been somewhat improved | F31: w row 1 | G31: =C$8/2*C$7 -> 174.16 | H31: =H30-C$9 -> 6.0437 | I31: =G31*H31 -> 1052.5708 | J31: =J30+G31 -> 30799 | K31: =K30+I31 -> 644382.04 | L31: =K31/J31 -> 20.922174 | M31: =L31-C$5 -> 1.3121741 | N31: =M31/C$2 -> 0.38175281 | Q31: w row 25 | R31: =C$8*C$7/2 -> 174.16 | S31: =S30+C$9 -> 24.9413 | T31: =R31*S31 -> 4343.7768 | U31: =U30+R31 -> 30799 | V31: =V30+T31 -> 644382.04 | W31: =V31/U31 -> 20.922174 | X31: =W31-C$5 -> 1.3121741 | Y31: =X31/C$2 -> 0.38175281
B32: All cells in pink take their values from cg_loading! | F32: a row 25 | G32: =C$8/2*C$7 -> 174.16 | H32: =H7 -> 24.9413 | I32: =G32*H32 -> 4343.7768 | J32: =J31+G32 -> 30973.16 | K32: =K31+I32 -> 648725.82 | L32: =K32/J32 -> 20.944773 | M32: =L32-C$5 -> 1.3347734 | N32: =M32/C$2 -> 0.38832765 | Q32: a row 1 | R32: =C$8*C$7/2 -> 174.16 | S32: =S7 -> 6.0437 | T32: =R32*S32 -> 1052.5708 | U32: =U31+R32 -> 30973.16 | V32: =V31+T32 -> 645434.61 | W32: =V32/U32 -> 20.838513 | X32: =W32-C$5 -> 1.2285134 | Y32: =X32/C$2 -> 0.35741328
F33: a row 24 | G33: =C$8/2*C$7 -> 174.16 | H33: =H8 -> 24.1539 | I33: =G33*H33 -> 4206.6432 | J33: =J32+G33 -> 31147.32 | K33: =K32+I33 -> 652932.46 | L33: =K33/J33 -> 20.962717 | M33: =L33-C$5 -> 1.3527172 | N33: =M33/C$2 -> 0.39354807 | Q33: a row 2 | R33: =C$8*C$7/2 -> 174.16 | S33: =S32+C$9 -> 6.8311 | T33: =R33*S33 -> 1189.7044 | U33: =U32+R33 -> 31147.32 | V33: =V32+T33 -> 646624.31 | W33: =V33/U33 -> 20.760191 | X33: =W33-C$5 -> 1.1501911 | Y33: =X33/C$2 -> 0.33462684
B34: pink??? | F34: a row 23 | G34: =C$8/2*C$7 -> 174.16 | H34: =H9 -> 23.3665 | I34: =G34*H34 -> 4069.5096 | J34: =J33+G34 -> 31321.48 | K34: =K33+I34 -> 657001.97 | L34: =K34/J34 -> 20.976083 | M34: =L34-C$5 -> 1.3660832 | N34: =M34/C$2 -> 0.39743666 | Q34: a row 3 | R34: =C$8*C$7/2 -> 174.16 | S34: =S33+C$9 -> 7.6185 | T34: =R34*S34 -> 1326.838 | U34: =U33+R34 -> 31321.48 | V34: =V33+T34 -> 647951.15 | W34: =V34/U34 -> 20.687118 | X34: =W34-C$5 -> 1.077118 | Y34: =X34/C$2 -> 0.31336758
B35: All cells in blue take their values from Weight Pie Chart! | F35: a row 22 | G35: =C$8/2*C$7 -> 174.16 | H35: =H10 -> 22.5791 | I35: =G35*H35 -> 3932.3761 | J35: =J34+G35 -> 31495.64 | K35: =K34+I35 -> 660934.35 | L35: =K35/J35 -> 20.984947 | M35: =L35-C$5 -> 1.3749473 | N35: =M35/C$2 -> 0.40001551 | Q35: a row 4 | R35: =C$8*C$7/2 -> 174.16 | S35: =S34+C$9 -> 8.4059 | T35: =R35*S35 -> 1463.9715 | U35: =U34+R35 -> 31495.64 | V35: =V34+T35 -> 649415.12 | W35: =V35/U35 -> 20.619207 | X35: =W35-C$5 -> 1.0092071 | Y35: =X35/C$2 -> 0.29361016
F36: a row 21 | G36: =C$8/2*C$7 -> 174.16 | H36: =H11 -> 21.7917 | I36: =G36*H36 -> 3795.2425 | J36: =J35+G36 -> 31669.8 | K36: =K35+I36 -> 664729.59 | L36: =K36/J36 -> 20.989384 | M36: =L36-C$5 -> 1.3793838 | N36: =M36/C$2 -> 0.40130624 | Q36: a row 5 | R36: =C$8*C$7/2 -> 174.16 | S36: =S35+C$9 -> 9.1933 | T36: =R36*S36 -> 1601.1051 | U36: =U35+R36 -> 31669.8 | V36: =V35+T36 -> 651016.23 | W36: =V36/U36 -> 20.556373 | X36: =W36-C$5 -> 0.94637324 | Y36: =X36/C$2 -> 0.27532981
F37: a row 20 | G37: =C$8/2*C$7 -> 174.16 | H37: =H12 -> 21.0043 | I37: =G37*H37 -> 3658.1089 | J37: =J36+G37 -> 31843.96 | K37: =K36+I37 -> 668387.7 | L37: =K37/J37 -> 20.989465 | M37: =L37-C$5 -> 1.3794654 | N37: =M37/C$2 -> 0.40132997 | Q37: a row 6 | R37: =C$8*C$7/2 -> 174.16 | S37: =S36+C$9 -> 9.9807 | T37: =R37*S37 -> 1738.2387 | U37: =U36+R37 -> 31843.96 | V37: =V36+T37 -> 652754.47 | W37: =V37/U37 -> 20.498533 | X37: =W37-C$5 -> 0.88853309 | Y37: =X37/C$2 -> 0.25850229
B38: All cells in green take their values from pay, load, stuff! | F38: a row 19 | G38: =C$8/2*C$7 -> 174.16 | H38: =H13 -> 20.2169 | I38: =G38*H38 -> 3520.9753 | J38: =J37+G38 -> 32018.12 | K38: =K37+I38 -> 671908.67 | L38: =K38/J38 -> 20.985263 | M38: =L38-C$5 -> 1.3752631 | N38: =M38/C$2 -> 0.40010739 | Q38: a row 7 | R38: =C$8*C$7/2 -> 174.16 | S38: =S37+C$9 -> 10.7681 | T38: =R38*S38 -> 1875.3723 | U38: =U37+R38 -> 32018.12 | V38: =V37+T38 -> 654629.84 | W38: =V38/U38 -> 20.445605 | X38: =W38-C$5 -> 0.83560518 | Y38: =X38/C$2 -> 0.24310389
F39: a row 18 | G39: =C$8/2*C$7 -> 174.16 | H39: =H14 -> 19.4295 | I39: =G39*H39 -> 3383.8417 | J39: =J38+G39 -> 32192.28 | K39: =K38+I39 -> 675292.51 | L39: =K39/J39 -> 20.976846 | M39: =L39-C$5 -> 1.3668464 | N39: =M39/C$2 -> 0.39765872 | Q39: a row 8 | R39: =C$8*C$7/2 -> 174.16 | S39: =S38+C$9 -> 11.5555 | T39: =R39*S39 -> 2012.5059 | U39: =U38+R39 -> 32192.28 | V39: =V38+T39 -> 656642.35 | W39: =V39/U39 -> 20.39751 | X39: =W39-C$5 -> 0.78750978 | Y39: =X39/C$2 -> 0.22911142
F40: a row 17 | G40: =C$8/2*C$7 -> 174.16 | H40: =H15 -> 18.6421 | I40: =G40*H40 -> 3246.7081 | J40: =J39+G40 -> 32366.44 | K40: =K39+I40 -> 678539.22 | L40: =K40/J40 -> 20.964283 | M40: =L40-C$5 -> 1.3542834 | N40: =M40/C$2 -> 0.39400375 | Q40: a row 9 | R40: =C$8*C$7/2 -> 174.16 | S40: =S39+C$9 -> 12.3429 | T40: =R40*S40 -> 2149.6395 | U40: =U39+R40 -> 32366.44 | V40: =V39+T40 -> 658791.99 | W40: =V40/U40 -> 20.354169 | X40: =W40-C$5 -> 0.74416887 | Y40: =X40/C$2 -> 0.21650219
F41: a row 16 | G41: =C$8/2*C$7 -> 174.16 | H41: =H16 -> 17.8547 | I41: =G41*H41 -> 3109.5746 | J41: =J40+G41 -> 32540.6 | K41: =K40+I41 -> 681648.8 | L41: =K41/J41 -> 20.947641 | M41: =L41-C$5 -> 1.3376407 | N41: =M41/C$2 -> 0.38916184 | Q41: a row 10 | R41: =C$8*C$7/2 -> 174.16 | S41: =S40+C$9 -> 13.1303 | T41: =R41*S41 -> 2286.773 | U41: =U40+R41 -> 32540.6 | V41: =V40+T41 -> 661078.76 | W41: =V41/U41 -> 20.315506 | X41: =W41-C$5 -> 0.70550612 | Y41: =X41/C$2 -> 0.20525397
B42: main avionics compartment door to radome [m] | C42: 5.65 | F42: a row 15 | G42: =C$8/2*C$7 -> 174.16 | H42: =H17 -> 17.0673 | I42: =G42*H42 -> 2972.441 | J42: =J41+G42 -> 32714.76 | K42: =K41+I42 -> 684621.24 | L42: =K42/J42 -> 20.926983 | M42: =L42-C$5 -> 1.3169833 | N42: =M42/C$2 -> 0.38315197 | Q42: a row 11 | R42: =C$8*C$7/2 -> 174.16 | S42: =S41+C$9 -> 13.9177 | T42: =R42*S42 -> 2423.9066 | U42: =U41+R42 -> 32714.76 | V42: =V41+T42 -> 663502.67 | W42: =V42/U42 -> 20.281447 | X42: =W42-C$5 -> 0.67144682 | Y42: =X42/C$2 -> 0.19534505
F43: a row 14 | G43: =C$8/2*C$7 -> 174.16 | H43: =H18 -> 16.2799 | I43: =G43*H43 -> 2835.3074 | J43: =J42+G43 -> 32888.92 | K43: =K42+I43 -> 687456.54 | L43: =K43/J43 -> 20.902375 | M43: =L43-C$5 -> 1.2923752 | N43: =M43/C$2 -> 0.37599268 | Q43: a row 12 | R43: =C$8*C$7/2 -> 174.16 | S43: =S42+C$9 -> 14.7051 | T43: =R43*S43 -> 2561.0402 | U43: =U42+R43 -> 32888.92 | V43: =V42+T43 -> 666063.71 | W43: =V43/U43 -> 20.251918 | X43: =W43-C$5 -> 0.64191783 | Y43: =X43/C$2 -> 0.18675414
B44: not a bad assumption ;) | F44: a row 13 | G44: =C$8/2*C$7 -> 174.16 | H44: =H19 -> 15.4925 | I44: =G44*H44 -> 2698.1738 | J44: =J43+G44 -> 33063.08 | K44: =K43+I44 -> 690154.72 | L44: =K44/J44 -> 20.873879 | M44: =L44-C$5 -> 1.2638786 | N44: =M44/C$2 -> 0.36770213 | Q44: a row 13 | R44: =C$8*C$7/2 -> 174.16 | S44: =S43+C$9 -> 15.4925 | T44: =R44*S44 -> 2698.1738 | U44: =U43+R44 -> 33063.08 | V44: =V43+T44 -> 668761.88 | W44: =V44/U44 -> 20.226848 | X44: =W44-C$5 -> 0.61684756 | Y44: =X44/C$2 -> 0.1794604
F45: a row 12 | G45: =C$8/2*C$7 -> 174.16 | H45: =H20 -> 14.7051 | I45: =G45*H45 -> 2561.0402 | J45: =J44+G45 -> 33237.24 | K45: =K44+I45 -> 692715.76 | L45: =K45/J45 -> 20.841555 | M45: =L45-C$5 -> 1.2315548 | N45: =M45/C$2 -> 0.35829812 | Q45: a row 14 | R45: =C$8*C$7/2 -> 174.16 | S45: =S44+C$9 -> 16.2799 | T45: =R45*S45 -> 2835.3074 | U45: =U44+R45 -> 33237.24 | V45: =V44+T45 -> 671597.19 | W45: =V45/U45 -> 20.206166 | X45: =W45-C$5 -> 0.59616593 | Y45: =X45/C$2 -> 0.17344347
F46: a row 11 | G46: =C$8/2*C$7 -> 174.16 | H46: =H21 -> 13.9177 | I46: =G46*H46 -> 2423.9066 | J46: =J45+G46 -> 33411.4 | K46: =K45+I46 -> 695139.67 | L46: =K46/J46 -> 20.805464 | M46: =L46-C$5 -> 1.1954636 | N46: =M46/C$2 -> 0.34779804 | Q46: a row 15 | R46: =C$8*C$7/2 -> 174.16 | S46: =S45+C$9 -> 17.0673 | T46: =R46*S46 -> 2972.441 | U46: =U45+R46 -> 33411.4 | V46: =V45+T46 -> 674569.63 | W46: =V46/U46 -> 20.189804 | X46: =W46-C$5 -> 0.5798043 | Y46: =X46/C$2 -> 0.16868335
F47: a row 10 | G47: =C$8/2*C$7 -> 174.16 | H47: =H22 -> 13.1303 | I47: =G47*H47 -> 2286.773 | J47: =J46+G47 -> 33585.56 | K47: =K46+I47 -> 697426.44 | L47: =K47/J47 -> 20.765664 | M47: =L47-C$5 -> 1.1556635 | N47: =M47/C$2 -> 0.33621895 | Q47: a row 16 | R47: =C$8*C$7/2 -> 174.16 | S47: =S46+C$9 -> 17.8547 | T47: =R47*S47 -> 3109.5746 | U47: =U46+R47 -> 33585.56 | V47: =V46+T47 -> 677679.2 | W47: =V47/U47 -> 20.177695 | X47: =W47-C$5 -> 0.56769548 | Y47: =X47/C$2 -> 0.16516051
F48: a row 9 | G48: =C$8/2*C$7 -> 174.16 | H48: =H23 -> 12.3429 | I48: =G48*H48 -> 2149.6395 | J48: =J47+G48 -> 33759.72 | K48: =K47+I48 -> 699576.08 | L48: =K48/J48 -> 20.722212 | M48: =L48-C$5 -> 1.1122121 | N48: =M48/C$2 -> 0.32357756 | Q48: a row 17 | R48: =C$8*C$7/2 -> 174.16 | S48: =S47+C$9 -> 18.6421 | T48: =R48*S48 -> 3246.7081 | U48: =U47+R48 -> 33759.72 | V48: =V47+T48 -> 680925.91 | W48: =V48/U48 -> 20.169774 | X48: =W48-C$5 -> 0.55977363 | Y48: =X48/C$2 -> 0.1628558
F49: a row 8 | G49: =C$8/2*C$7 -> 174.16 | H49: =H24 -> 11.5555 | I49: =G49*H49 -> 2012.5059 | J49: =J48+G49 -> 33933.88 | K49: =K48+I49 -> 701588.58 | L49: =K49/J49 -> 20.675165 | M49: =L49-C$5 -> 1.0651655 | N49: =M49/C$2 -> 0.30989021 | Q49: a row 18 | R49: =C$8*C$7/2 -> 174.16 | S49: =S48+C$9 -> 19.4295 | T49: =R49*S49 -> 3383.8417 | U49: =U48+R49 -> 33933.88 | V49: =V48+T49 -> 684309.75 | W49: =V49/U49 -> 20.165974 | X49: =W49-C$5 -> 0.5559743 | Y49: =X49/C$2 -> 0.16175045
F50: a row 7 | G50: =C$8/2*C$7 -> 174.16 | H50: =H25 -> 10.7681 | I50: =G50*H50 -> 1875.3723 | J50: =J49+G50 -> 34108.04 | K50: =K49+I50 -> 703463.96 | L50: =K50/J50 -> 20.624579 | M50: =L50-C$5 -> 1.0145787 | N50: =M50/C$2 -> 0.29517294 | Q50: a row 19 | R50: =C$8*C$7/2 -> 174.16 | S50: =S49+C$9 -> 20.2169 | T50: =R50*S50 -> 3520.9753 | U50: =U49+R50 -> 34108.04 | V50: =V49+T50 -> 687830.73 | W50: =V50/U50 -> 20.166234 | X50: =W50-C$5 -> 0.55623433 | Y50: =X50/C$2 -> 0.1618261
F51: a row 6 | G51: =C$8/2*C$7 -> 174.16 | H51: =H26 -> 9.9807 | I51: =G51*H51 -> 1738.2387 | J51: =J50+G51 -> 34282.2 | K51: =K50+I51 -> 705202.19 | L51: =K51/J51 -> 20.570506 | M51: =L51-C$5 -> 0.96050582 | N51: =M51/C$2 -> 0.27944142 | Q51: a row 20 | R51: =C$8*C$7/2 -> 174.16 | S51: =S50+C$9 -> 21.0043 | T51: =R51*S51 -> 3658.1089 | U51: =U50+R51 -> 34282.2 | V51: =V50+T51 -> 691488.84 | W51: =V51/U51 -> 20.170492 | X51: =W51-C$5 -> 0.56049186 | Y51: =X51/C$2 -> 0.16306475
F52: a row 5 | G52: =C$8/2*C$7 -> 174.16 | H52: =H27 -> 9.1933 | I52: =G52*H52 -> 1601.1051 | J52: =J51+G52 -> 34456.36 | K52: =K51+I52 -> 706803.3 | L52: =K52/J52 -> 20.513 | M52: =L52-C$5 -> 0.90299962 | N52: =M52/C$2 -> 0.26271106 | Q52: a row 21 | R52: =C$8*C$7/2 -> 174.16 | S52: =S51+C$9 -> 21.7917 | T52: =R52*S52 -> 3795.2425 | U52: =U51+R52 -> 34456.36 | V52: =V51+T52 -> 695284.08 | W52: =V52/U52 -> 20.178686 | X52: =W52-C$5 -> 0.56868627 | Y52: =X52/C$2 -> 0.16544877
F53: a row 4 | G53: =C$8/2*C$7 -> 174.16 | H53: =H28 -> 8.4059 | I53: =G53*H53 -> 1463.9715 | J53: =J52+G53 -> 34630.52 | K53: =K52+I53 -> 708267.27 | L53: =K53/J53 -> 20.452112 | M53: =L53-C$5 -> 0.84211193 | N53: =M53/C$2 -> 0.24499691 | Q53: a row 22 | R53: =C$8*C$7/2 -> 174.16 | S53: =S52+C$9 -> 22.5791 | T53: =R53*S53 -> 3932.3761 | U53: =U52+R53 -> 34630.52 | V53: =V52+T53 -> 699216.45 | W53: =V53/U53 -> 20.190758 | X53: =W53-C$5 -> 0.58075817 | Y53: =X53/C$2 -> 0.16896086
F54: a row 3 | G54: =C$8/2*C$7 -> 174.16 | H54: =H29 -> 7.6185 | I54: =G54*H54 -> 1326.838 | J54: =J53+G54 -> 34804.68 | K54: =K53+I54 -> 709594.11 | L54: =K54/J54 -> 20.387894 | M54: =L54-C$5 -> 0.7778935 | N54: =M54/C$2 -> 0.22631374 | Q54: a row 23 | R54: =C$8*C$7/2 -> 174.16 | S54: =S53+C$9 -> 23.3665 | T54: =R54*S54 -> 4069.5096 | U54: =U53+R54 -> 34804.68 | V54: =V53+T54 -> 703285.96 | W54: =V54/U54 -> 20.206649 | X54: =W54-C$5 -> 0.59664934 | Y54: =X54/C$2 -> 0.17358411
F55: a row 2 | G55: =C$8/2*C$7 -> 174.16 | H55: =H30 -> 6.8311 | I55: =G55*H55 -> 1189.7044 | J55: =J54+G55 -> 34978.84 | K55: =K54+I55 -> 710783.81 | L55: =K55/J55 -> 20.320394 | M55: =L55-C$5 -> 0.71039409 | N55: =M55/C$2 -> 0.20667604 | Q55: a row 24 | R55: =C$8*C$7/2 -> 174.16 | S55: =S54+C$9 -> 24.1539 | T55: =R55*S55 -> 4206.6432 | U55: =U54+R55 -> 34978.84 | V55: =V54+T55 -> 707492.61 | W55: =V55/U55 -> 20.226303 | X55: =W55-C$5 -> 0.61630275 | Y55: =X55/C$2 -> 0.1793019
F56: a row 1 | G56: =C$8/2*C$7 -> 174.16 | H56: =H31 -> 6.0437 | I56: =G56*H56 -> 1052.5708 | J56: =J55+G56 -> 35153 | K56: =K55+I56 -> 711836.38 | L56: =K56/J56 -> 20.249662 | M56: =L56-C$5 -> 0.63966246 | N56: =M56/C$2 -> 0.18609798 | Q56: a row 25 | R56: =C$8*C$7/2 -> 174.16 | S56: =S55+C$9 -> 24.9413 | T56: =R56*S56 -> 4343.7768 | U56: =U55+R56 -> 35153 | V56: =V55+T56 -> 711836.38 | W56: =V56/U56 -> 20.249662 | X56: =W56-C$5 -> 0.63966246 | Y56: =X56/C$2 -> 0.18609798
E57: fuel | F57: fuel | G57: ='Weight Pie Charts'!D11 -> 6487 | H57: =cg_loading!C28 -> 20.469309 | I57: =G57*H57 -> 132784.41 | J57: =J56+G57 -> 41640 | K57: =K56+I57 -> 844620.79 | L57: =K57/J57 -> 20.283881 | M57: =L57-C$5 -> 0.67388064 | N57: =M57/C$2 -> 0.19605313 | P57: fuel | Q57: fuel | R57: =G57 -> 6487 | S57: =H57 -> 20.469309 | T57: =R57*S57 -> 132784.41 | U57: =U56+R57 -> 41640 | V57: =V56+T57 -> 844620.79 | W57: =V57/U57 -> 20.283881 | X57: =W57-C$5 -> 0.67388064 | Y57: =X57/C$2 -> 0.19605313

Sheet CRJ-EXX Loading Diagram
B2: MAC | C2: =cg_loading_exx!F5 -> 3.4372349
B3: lf | C3: ='CRJ-1000 Loading Diagram'!C3 -> 36.57 | G3: mass [kg] | H3: x_front [m] | I3: moment [kg*m] | J3: mass total [kg] | K3: moment total [kg*m] | L3: xcg_nose [m] | M3: xcg_lemac [m] | N3: xcg_lemac_mac [-] | R3: mass [kg] | S3: x_front [m] | T3: moment [kg*m] | U3: mass total [kg] | V3: moment total [kg*m] | W3: xcg_nose [m] | X3: xcg_lemac [m] | Y3: xcg_lemac_mac [-]
B4: x_LEMAC/lf | C4: ='CRJ-1000 Loading Diagram'!C4 -> 0.53623188 | F4: OEW | G4: =cg_loading_exx!B68 -> 22490.463 | H4: =cg_loading_exx!C26 -> 21.498937 | I4: =G4*H4 -> 483521.05 | J4: =G4 -> 22490.463 | K4: =I4 -> 483521.05 | L4: =K4/J4 -> 21.498937 | M4: =L4-C$5 -> 1.888937 | N4: =M4/C$2 -> 0.54955132 | Q4: OEW | R4: =G4 -> 22490.463 | S4: =H4 -> 21.498937 | T4: =R4*S4 -> 483521.05 | U4: =R4 -> 22490.463 | V4: =T4 -> 483521.05 | W4: =V4/U4 -> 21.498937 | X4: =W4-C$5 -> 1.888937 | Y4: =X4/C$2 -> 0.54955132
B5: x_LEMAC | C5: =C3*C4 -> 19.61 | F5: OEW + Batt | G5: =G4+'Weight Pie Charts'!$D$41+'Weight Pie Charts'!$D$42 -> 26990.463 | H5: =cg_loading_exx!C34 -> 21.46658 | I5: =G5*H5 -> 579392.93 | J5: =G5 -> 26990.463 | K5: =I5 -> 579392.93 | L5: =K5/J5 -> 21.46658 | M5: =L5-C$5 -> 1.8565798 | N5: =M5/C$2 -> 0.54013761 | Q5: OEW + Batt | R5: =G5 -> 26990.463 | S5: =H5 -> 21.46658 | T5: =R5*S5 -> 579392.93 | U5: =R5 -> 26990.463 | V5: =T5 -> 579392.93 | W5: =V5/U5 -> 21.46658 | X5: =W5-C$5 -> 1.8565798 | Y5: =X5/C$2 -> 0.54013761
E6: cargo | F6: cargo aft | G6: ='Weight Pie Charts'!D43 -> 2487.9052 | H6: =cg_loading_exx!G62 -> 28.912942 | I6: =G6*H6 -> 71932.659 | J6: =J5+G6 -> 29478.368 | K6: =K5+I6 -> 651325.59 | L6: =K6/J6 -> 22.095035 | M6: =L6-C$5 -> 2.4850354 | N6: =M6/C$2 -> 0.72297514 | Q6: cargo front | R6: =G7 -> 769.09481 | S6: 11.31 | T6: =R6*S6 -> 8698.4623 | U6: =U5+R6 -> 27759.558 | V6: =V5+T6 -> 588091.39 | W6: =V6/U6 -> 21.185186 | X6: =W6-C$5 -> 1.5751858 | Y6: =X6/C$2 -> 0.45827122
B7: Standard person mass | C7: ='CRJ-1000 Loading Diagram'!C7 -> 87.08 | F7: cargo front | G7: ='Weight Pie Charts'!D44 -> 769.09481 | H7: =cg_loading_exx!G60 -> 11.446654 | I7: =G7*H7 -> 8803.5622 | J7: =J6+G7 -> 30247.463 | K7: =K6+I7 -> 660129.15 | L7: =K7/J7 -> 21.824282 | M7: =L7-C$5 -> 2.2142816 | N7: =M7/C$2 -> 0.64420433 | Q7: cargo aft | R7: =G6 -> 2487.9052 | S7: 28.6 | T7: =R7*S7 -> 71154.088 | U7: =U6+R7 -> 30247.463 | V7: =V6+T7 -> 659245.48 | W7: =V7/U7 -> 21.795067 | X7: =W7-C$5 -> 2.1850669 | Y7: =X7/C$2 -> 0.63570485
B8: pax per row | C8: 4 | E8: back to front | F8: w row 22 | G8: =C$8/2*C$7 -> 174.16 | H8: ='CRJ-1000 Loading Diagram'!H7-3*C9 -> 22.5791 | I8: =G8*H8 -> 3932.3761 | J8: =J7+G8 -> 30421.623 | K8: =K7+I8 -> 664061.52 | L8: =K8/J8 -> 21.828603 | M8: =L8-C$5 -> 2.2186028 | N8: =M8/C$2 -> 0.64546151 | P8: front to back | Q8: w row 1 | R8: =C$8*C$7/2 -> 174.16 | S8: ='CRJ-1000 Loading Diagram'!S7 -> 6.0437 | T8: =R8*S8 -> 1052.5708 | U8: =U7+R8 -> 30421.623 | V8: =V7+T8 -> 660298.05 | W8: =V8/U8 -> 21.704892 | X8: =W8-C$5 -> 2.0948923 | Y8: =X8/C$2 -> 0.60947021
B9: seat pitch [m] | C9: =31*0.0254 -> 0.7874 | F9: w row 21 | G9: =C$8/2*C$7 -> 174.16 | H9: =H8-C$9 -> 21.7917 | I9: =G9*H9 -> 3795.2425 | J9: =J8+G9 -> 30595.783 | K9: =K8+I9 -> 667856.77 | L9: =K9/J9 -> 21.828393 | M9: =L9-C$5 -> 2.2183928 | N9: =M9/C$2 -> 0.6454004 | Q9: w row 2 | R9: =C$8*C$7/2 -> 174.16 | S9: =S8+C$9 -> 6.8311 | T9: =R9*S9 -> 1189.7044 | U9: =U8+R9 -> 30595.783 | V9: =V8+T9 -> 661487.75 | W9: =V9/U9 -> 21.620226 | X9: =W9-C$5 -> 2.0102264 | Y9: =X9/C$2 -> 0.58483823
F10: w row 20 | G10: =C$8/2*C$7 -> 174.16 | H10: =H9-C$9 -> 21.0043 | I10: =G10*H10 -> 3658.1089 | J10: =J9+G10 -> 30769.943 | K10: =K9+I10 -> 671514.88 | L10: =K10/J10 -> 21.823728 | M10: =L10-C$5 -> 2.2137284 | N10: =M10/C$2 -> 0.64404337 | Q10: w row 3 | R10: =C$8*C$7/2 -> 174.16 | S10: =S9+C$9 -> 7.6185 | T10: =R10*S10 -> 1326.838 | U10: =U9+R10 -> 30769.943 | V10: =V9+T10 -> 662814.59 | W10: =V10/U10 -> 21.540976 | X10: =W10-C$5 -> 1.9309756 | Y10: =X10/C$2 -> 0.56178169
B11: This is an Excel Sheet made for the loading (potato) diagram of our modified CRJ-EXX. It mostly takes values from the CRJ-1000 Loading Diagram and Weight Pie Charts, but also MAC and x_LEMAC from cg_loading | F11: w row 19 | G11: =C$8/2*C$7 -> 174.16 | H11: =H10-C$9 -> 20.2169 | I11: =G11*H11 -> 3520.9753 | J11: =J10+G11 -> 30944.103 | K11: =K10+I11 -> 675035.85 | L11: =K11/J11 -> 21.814685 | M11: =L11-C$5 -> 2.2046848 | N11: =M11/C$2 -> 0.64141231 | Q11: w row 4 | R11: =C$8*C$7/2 -> 174.16 | S11: =S10+C$9 -> 8.4059 | T11: =R11*S11 -> 1463.9715 | U11: =U10+R11 -> 30944.103 | V11: =V10+T11 -> 664278.56 | W11: =V11/U11 -> 21.467049 | X11: =W11-C$5 -> 1.8570486 | Y11: =X11/C$2 -> 0.540274
F12: w row 18 | G12: =C$8/2*C$7 -> 174.16 | H12: =H11-C$9 -> 19.4295 | I12: =G12*H12 -> 3383.8417 | J12: =J11+G12 -> 31118.263 | K12: =K11+I12 -> 678419.69 | L12: =K12/J12 -> 21.801336 | M12: =L12-C$5 -> 2.1913356 | N12: =M12/C$2 -> 0.63752861 | Q12: w row 5 | R12: =C$8*C$7/2 -> 174.16 | S12: =S11+C$9 -> 9.1933 | T12: =R12*S12 -> 1601.1051 | U12: =U11+R12 -> 31118.263 | V12: =V11+T12 -> 665879.67 | W12: =V12/U12 -> 21.398356 | X12: =W12-C$5 -> 1.788356 | Y12: =X12/C$2 -> 0.52028914
F13: w row 17 | G13: =C$8/2*C$7 -> 174.16 | H13: =H12-C$9 -> 18.6421 | I13: =G13*H13 -> 3246.7081 | J13: =J12+G13 -> 31292.423 | K13: =K12+I13 -> 681666.4 | L13: =K13/J13 -> 21.783753 | M13: =L13-C$5 -> 2.1737527 | N13: =M13/C$2 -> 0.63241318 | Q13: w row 6 | R13: =C$8*C$7/2 -> 174.16 | S13: =S12+C$9 -> 9.9807 | T13: =R13*S13 -> 1738.2387 | U13: =U12+R13 -> 31292.423 | V13: =V12+T13 -> 667617.91 | W13: =V13/U13 -> 21.33481 | X13: =W13-C$5 -> 1.7248103 | Y13: =X13/C$2 -> 0.50180169
F14: w row 16 | G14: =C$8/2*C$7 -> 174.16 | H14: =H13-C$9 -> 17.8547 | I14: =G14*H14 -> 3109.5746 | J14: =J13+G14 -> 31466.583 | K14: =K13+I14 -> 684775.98 | L14: =K14/J14 -> 21.762006 | M14: =L14-C$5 -> 2.1520063 | N14: =M14/C$2 -> 0.62608648 | Q14: w row 7 | R14: =C$8*C$7/2 -> 174.16 | S14: =S13+C$9 -> 10.7681 | T14: =R14*S14 -> 1875.3723 | U14: =U13+R14 -> 31466.583 | V14: =V13+T14 -> 669493.28 | W14: =V14/U14 -> 21.276326 | X14: =W14-C$5 -> 1.6663261 | Y14: =X14/C$2 -> 0.48478679
F15: w row 15 | G15: =C$8/2*C$7 -> 174.16 | H15: =H14-C$9 -> 17.0673 | I15: =G15*H15 -> 2972.441 | J15: =J14+G15 -> 31640.743 | K15: =K14+I15 -> 687748.42 | L15: =K15/J15 -> 21.736165 | M15: =L15-C$5 -> 2.1261652 | N15: =M15/C$2 -> 0.6185685 | Q15: w row 8 | R15: =C$8*C$7/2 -> 174.16 | S15: =S14+C$9 -> 11.5555 | T15: =R15*S15 -> 2012.5059 | U15: =U14+R15 -> 31640.743 | V15: =V14+T15 -> 671505.78 | W15: =V15/U15 -> 21.22282 | X15: =W15-C$5 -> 1.6128198 | Y15: =X15/C$2 -> 0.46922012
F16: w row 14 | G16: =C$8/2*C$7 -> 174.16 | H16: =H15-C$9 -> 16.2799 | I16: =G16*H16 -> 2835.3074 | J16: =J15+G16 -> 31814.903 | K16: =K15+I16 -> 690583.72 | L16: =K16/J16 -> 21.706297 | M16: =L16-C$5 -> 2.0962968 | N16: =M16/C$2 -> 0.60987882 | Q16: w row 9 | R16: =C$8*C$7/2 -> 174.16 | S16: =S15+C$9 -> 12.3429 | T16: =R16*S16 -> 2149.6395 | U16: =U15+R16 -> 31814.903 | V16: =V15+T16 -> 673655.42 | W16: =V16/U16 -> 21.17421 | X16: =W16-C$5 -> 1.5642096 | Y16: =X16/C$2 -> 0.4550779
F17: w row 13 | G17: =C$8/2*C$7 -> 174.16 | H17: =H16-C$9 -> 15.4925 | I17: =G17*H17 -> 2698.1738 | J17: =J16+G17 -> 31989.063 | K17: =K16+I17 -> 693281.9 | L17: =K17/J17 -> 21.672467 | M17: =L17-C$5 -> 2.0624666 | N17: =M17/C$2 -> 0.60003656 | Q17: w row 10 | R17: =C$8*C$7/2 -> 174.16 | S17: =S16+C$9 -> 13.1303 | T17: =R17*S17 -> 2286.773 | U17: =U16+R17 -> 31989.063 | V17: =V16+T17 -> 675942.2 | W17: =V17/U17 -> 21.130416 | X17: =W17-C$5 -> 1.5204157 | Y17: =X17/C$2 -> 0.44233686
F18: w row 12 | G18: =C$8/2*C$7 -> 174.16 | H18: =H17-C$9 -> 14.7051 | I18: =G18*H18 -> 2561.0402 | J18: =J17+G18 -> 32163.223 | K18: =K17+I18 -> 695842.94 | L18: =K18/J18 -> 21.634739 | M18: =L18-C$5 -> 2.0247391 | N18: =M18/C$2 -> 0.58906045 | Q18: w row 11 | R18: =C$8*C$7/2 -> 174.16 | S18: =S17+C$9 -> 13.9177 | T18: =R18*S18 -> 2423.9066 | U18: =U17+R18 -> 32163.223 | V18: =V17+T18 -> 678366.1 | W18: =V18/U18 -> 21.09136 | X18: =W18-C$5 -> 1.4813597 | Y18: =X18/C$2 -> 0.43097424
F19: w row 11 | G19: =C$8/2*C$7 -> 174.16 | H19: =H18-C$9 -> 13.9177 | I19: =G19*H19 -> 2423.9066 | J19: =J18+G19 -> 32337.383 | K19: =K18+I19 -> 698266.84 | L19: =K19/J19 -> 21.593177 | M19: =L19-C$5 -> 1.9831774 | N19: =M19/C$2 -> 0.57696882 | Q19: w row 12 | R19: =C$8*C$7/2 -> 174.16 | S19: =S18+C$9 -> 14.7051 | T19: =R19*S19 -> 2561.0402 | U19: =U18+R19 -> 32337.383 | V19: =V18+T19 -> 680927.14 | W19: =V19/U19 -> 21.056965 | X19: =W19-C$5 -> 1.4469651 | Y19: =X19/C$2 -> 0.42096777
B20: 29.03.2026: I still don't have the OEW of the modified AC, as well as its x_cg, on top of the things that are still not correct for CRJ-1000 potato diagram. | F20: w row 10 | G20: =C$8/2*C$7 -> 174.16 | H20: =H19-C$9 -> 13.1303 | I20: =G20*H20 -> 2286.773 | J20: =J19+G20 -> 32511.543 | K20: =K19+I20 -> 700553.62 | L20: =K20/J20 -> 21.547843 | M20: =L20-C$5 -> 1.9378428 | N20: =M20/C$2 -> 0.56377958 | Q20: w row 13 | R20: =C$8*C$7/2 -> 174.16 | S20: =S19+C$9 -> 15.4925 | T20: =R20*S20 -> 2698.1738 | U20: =U19+R20 -> 32511.543 | V20: =V19+T20 -> 683625.32 | W20: =V20/U20 -> 21.027157 | X20: =W20-C$5 -> 1.417157 | Y20: =X20/C$2 -> 0.41229565
F21: w row 9 | G21: =C$8/2*C$7 -> 174.16 | H21: =H20-C$9 -> 12.3429 | I21: =G21*H21 -> 2149.6395 | J21: =J20+G21 -> 32685.703 | K21: =K20+I21 -> 702703.26 | L21: =K21/J21 -> 21.498796 | M21: =L21-C$5 -> 1.8887959 | N21: =M21/C$2 -> 0.54951029 | Q21: w row 14 | R21: =C$8*C$7/2 -> 174.16 | S21: =S20+C$9 -> 16.2799 | T21: =R21*S21 -> 2835.3074 | U21: =U20+R21 -> 32685.703 | V21: =V20+T21 -> 686460.63 | W21: =V21/U21 -> 21.001862 | X21: =W21-C$5 -> 1.3918621 | Y21: =X21/C$2 -> 0.40493656
F22: w row 8 | G22: =C$8/2*C$7 -> 174.16 | H22: =H21-C$9 -> 11.5555 | I22: =G22*H22 -> 2012.5059 | J22: =J21+G22 -> 32859.863 | K22: =K21+I22 -> 704715.76 | L22: =K22/J22 -> 21.446096 | M22: =L22-C$5 -> 1.8360956 | N22: =M22/C$2 -> 0.53417811 | Q22: w row 15 | R22: =C$8*C$7/2 -> 174.16 | S22: =S21+C$9 -> 17.0673 | T22: =R22*S22 -> 2972.441 | U22: =U21+R22 -> 32859.863 | V22: =V21+T22 -> 689433.07 | W22: =V22/U22 -> 20.981009 | X22: =W22-C$5 -> 1.3710086 | Y22: =X22/C$2 -> 0.39886962
F23: w row 7 | G23: =C$8/2*C$7 -> 174.16 | H23: =H22-C$9 -> 10.7681 | I23: =G23*H23 -> 1875.3723 | J23: =J22+G23 -> 33034.023 | K23: =K22+I23 -> 706591.14 | L23: =K23/J23 -> 21.3898 | M23: =L23-C$5 -> 1.7797998 | N23: =M23/C$2 -> 0.51779986 | Q23: w row 16 | R23: =C$8*C$7/2 -> 174.16 | S23: =S22+C$9 -> 17.8547 | T23: =R23*S23 -> 3109.5746 | U23: =U22+R23 -> 33034.023 | V23: =V22+T23 -> 692542.64 | W23: =V23/U23 -> 20.964526 | X23: =W23-C$5 -> 1.3545262 | Y23: =X23/C$2 -> 0.39407439
F24: w row 6 | G24: =C$8/2*C$7 -> 174.16 | H24: =H23-C$9 -> 9.9807 | I24: =G24*H24 -> 1738.2387 | J24: =J23+G24 -> 33208.183 | K24: =K23+I24 -> 708329.37 | L24: =K24/J24 -> 21.329965 | M24: =L24-C$5 -> 1.7199648 | N24: =M24/C$2 -> 0.500392 | Q24: w row 17 | R24: =C$8*C$7/2 -> 174.16 | S24: =S23+C$9 -> 18.6421 | T24: =R24*S24 -> 3246.7081 | U24: =U23+R24 -> 33208.183 | V24: =V23+T24 -> 695789.35 | W24: =V24/U24 -> 20.952346 | X24: =W24-C$5 -> 1.3423463 | Y24: =X24/C$2 -> 0.39053086
F25: w row 5 | G25: =C$8/2*C$7 -> 174.16 | H25: =H24-C$9 -> 9.1933 | I25: =G25*H25 -> 1601.1051 | J25: =J24+G25 -> 33382.343 | K25: =K24+I25 -> 709930.48 | L25: =K25/J25 -> 21.266646 | M25: =L25-C$5 -> 1.6566463 | N25: =M25/C$2 -> 0.48197064 | Q25: w row 18 | R25: =C$8*C$7/2 -> 174.16 | S25: =S24+C$9 -> 19.4295 | T25: =R25*S25 -> 3383.8417 | U25: =U24+R25 -> 33382.343 | V25: =V24+T25 -> 699173.19 | W25: =V25/U25 -> 20.944401 | X25: =W25-C$5 -> 1.3344014 | Y25: =X25/C$2 -> 0.38821944
F26: w row 4 | G26: =C$8/2*C$7 -> 174.16 | H26: =H25-C$9 -> 8.4059 | I26: =G26*H26 -> 1463.9715 | J26: =J25+G26 -> 33556.503 | K26: =K25+I26 -> 711394.45 | L26: =K26/J26 -> 21.199898 | M26: =L26-C$5 -> 1.5898983 | N26: =M26/C$2 -> 0.46255155 | Q26: w row 19 | R26: =C$8*C$7/2 -> 174.16 | S26: =S25+C$9 -> 20.2169 | T26: =R26*S26 -> 3520.9753 | U26: =U25+R26 -> 33556.503 | V26: =V25+T26 -> 702694.17 | W26: =V26/U26 -> 20.940626 | X26: =W26-C$5 -> 1.3306256 | Y26: =X26/C$2 -> 0.38712095
F27: w row 3 | G27: =C$8/2*C$7 -> 174.16 | H27: =H26-C$9 -> 7.6185 | I27: =G27*H27 -> 1326.838 | J27: =J26+G27 -> 33730.663 | K27: =K26+I27 -> 712721.29 | L27: =K27/J27 -> 21.129774 | M27: =L27-C$5 -> 1.5197741 | N27: =M27/C$2 -> 0.44215021 | Q27: w row 20 | R27: =C$8*C$7/2 -> 174.16 | S27: =S26+C$9 -> 21.0043 | T27: =R27*S27 -> 3658.1089 | U27: =U26+R27 -> 33730.663 | V27: =V26+T27 -> 706352.27 | W27: =V27/U27 -> 20.940954 | X27: =W27-C$5 -> 1.3309544 | Y27: =X27/C$2 -> 0.3872166
B28: All cells in yellow have values that need to be calculated manually, the ones you see for now were (poorly) eyeballed! | F28: w row 2 | G28: =C$8/2*C$7 -> 174.16 | H28: =H27-C$9 -> 6.8311 | I28: =G28*H28 -> 1189.7044 | J28: =J27+G28 -> 33904.823 | K28: =K27+I28 -> 713910.99 | L28: =K28/J28 -> 21.056326 | M28: =L28-C$5 -> 1.4463257 | N28: =M28/C$2 -> 0.42078174 | Q28: w row 21 | R28: =C$8*C$7/2 -> 174.16 | S28: =S27+C$9 -> 21.7917 | T28: =R28*S28 -> 3795.2425 | U28: =U27+R28 -> 33904.823 | V28: =V27+T28 -> 710147.52 | W28: =V28/U28 -> 20.945324 | X28: =W28-C$5 -> 1.3353245 | Y28: =X28/C$2 -> 0.38848799
F29: w row 1 | G29: =C$8/2*C$7 -> 174.16 | H29: =H28-C$9 -> 6.0437 | I29: =G29*H29 -> 1052.5708 | J29: =J28+G29 -> 34078.983 | K29: =K28+I29 -> 714963.56 | L29: =K29/J29 -> 20.979604 | M29: =L29-C$5 -> 1.3696039 | N29: =M29/C$2 -> 0.39846096 | Q29: w row 22 | R29: =C$8*C$7/2 -> 174.16 | S29: =S28+C$9 -> 22.5791 | T29: =R29*S29 -> 3932.3761 | U29: =U28+R29 -> 34078.983 | V29: =V28+T29 -> 714079.89 | W29: =V29/U29 -> 20.953674 | X29: =W29-C$5 -> 1.3436738 | Y29: =X29/C$2 -> 0.39091708
F30: a row 22 | G30: =C$8/2*C$7 -> 174.16 | H30: =H8 -> 22.5791 | I30: =G30*H30 -> 3932.3761 | J30: =J29+G30 -> 34253.143 | K30: =K29+I30 -> 718895.94 | L30: =K30/J30 -> 20.987737 | M30: =L30-C$5 -> 1.3777366 | N30: =M30/C$2 -> 0.400827 | Q30: a row 1 | R30: =C$8*C$7/2 -> 174.16 | S30: =S8 -> 6.0437 | T30: =R30*S30 -> 1052.5708 | U30: =U29+R30 -> 34253.143 | V30: =V29+T30 -> 715132.46 | W30: =V30/U30 -> 20.877864 | X30: =W30-C$5 -> 1.2678641 | Y30: =X30/C$2 -> 0.36886165
B31: The values have now been somewhat improved | F31: a row 21 | G31: =C$8/2*C$7 -> 174.16 | H31: =H9 -> 21.7917 | I31: =G31*H31 -> 3795.2425 | J31: =J30+G31 -> 34427.303 | K31: =K30+I31 -> 722691.18 | L31: =K31/J31 -> 20.991804 | M31: =L31-C$5 -> 1.3818036 | N31: =M31/C$2 -> 0.40201024 | Q31: a row 2 | R31: =C$8*C$7/2 -> 174.16 | S31: =S30+C$9 -> 6.8311 | T31: =R31*S31 -> 1189.7044 | U31: =U30+R31 -> 34427.303 | V31: =V30+T31 -> 716322.17 | W31: =V31/U31 -> 20.806805 | X31: =W31-C$5 -> 1.1968047 | Y31: =X31/C$2 -> 0.34818822
B32: All cells in pink take their values from cg_loading_exx! | F32: a row 20 | G32: =C$8/2*C$7 -> 174.16 | H32: =H10 -> 21.0043 | I32: =G32*H32 -> 3658.1089 | J32: =J31+G32 -> 34601.463 | K32: =K31+I32 -> 726349.29 | L32: =K32/J32 -> 20.991867 | M32: =L32-C$5 -> 1.3818665 | N32: =M32/C$2 -> 0.40202854 | Q32: a row 3 | R32: =C$8*C$7/2 -> 174.16 | S32: =S31+C$9 -> 7.6185 | T32: =S32*R32 -> 1326.838 | U32: =U31+R32 -> 34601.463 | V32: =V31+T32 -> 717649.01 | W32: =V32/U32 -> 20.740424 | X32: =W32-C$5 -> 1.1304238 | Y32: =X32/C$2 -> 0.32887593
F33: a row 19 | G33: =C$8/2*C$7 -> 174.16 | H33: =H11 -> 20.2169 | I33: =G33*H33 -> 3520.9753 | J33: =J32+G33 -> 34775.623 | K33: =K32+I33 -> 729870.27 | L33: =K33/J33 -> 20.987985 | M33: =L33-C$5 -> 1.3779854 | N33: =M33/C$2 -> 0.4008994 | Q33: a row 4 | R33: =C$8*C$7/2 -> 174.16 | S33: =S32+C$9 -> 8.4059 | T33: =S33*R33 -> 1463.9715 | U33: =U32+R33 -> 34775.623 | V33: =V32+T33 -> 719112.98 | W33: =V33/U33 -> 20.678651 | X33: =W33-C$5 -> 1.0686512 | Y33: =X33/C$2 -> 0.31090433
B34: pink??? | F34: a row 18 | G34: =C$8/2*C$7 -> 174.16 | H34: =H12 -> 19.4295 | I34: =G34*H34 -> 3383.8417 | J34: =J33+G34 -> 34949.783 | K34: =K33+I34 -> 733254.11 | L34: =K34/J34 -> 20.980219 | M34: =L34-C$5 -> 1.3702192 | N34: =M34/C$2 -> 0.39863998 | Q34: a row 5 | R34: =C$8*C$7/2 -> 174.16 | S34: =S33+C$9 -> 9.1933 | T34: =S34*R34 -> 1601.1051 | U34: =U33+R34 -> 34949.783 | V34: =V33+T34 -> 720714.08 | W34: =V34/U34 -> 20.621418 | X34: =W34-C$5 -> 1.011418 | Y34: =X34/C$2 -> 0.29425338
B35: All cells in blue take their values from Weight Pie Chart! | F35: a row 17 | G35: =C$8/2*C$7 -> 174.16 | H35: =H13 -> 18.6421 | I35: =G35*H35 -> 3246.7081 | J35: =J34+G35 -> 35123.943 | K35: =K34+I35 -> 736500.82 | L35: =K35/J35 -> 20.968626 | M35: =L35-C$5 -> 1.3586258 | N35: =M35/C$2 -> 0.39526709 | Q35: a row 6 | R35: =C$8*C$7/2 -> 174.16 | S35: =S34+C$9 -> 9.9807 | T35: =S35*R35 -> 1738.2387 | U35: =U34+R35 -> 35123.943 | V35: =V34+T35 -> 722452.32 | W35: =V35/U35 -> 20.568657 | X35: =W35-C$5 -> 0.95865663 | Y35: =X35/C$2 -> 0.27890344
F36: a row 16 | G36: =C$8/2*C$7 -> 174.16 | H36: =H14 -> 17.8547 | I36: =G36*H36 -> 3109.5746 | J36: =J35+G36 -> 35298.103 | K36: =K35+I36 -> 739610.39 | L36: =K36/J36 -> 20.953262 | M36: =L36-C$5 -> 1.3432618 | N36: =M36/C$2 -> 0.3907972 | Q36: a row 7 | R36: =C$8*C$7/2 -> 174.16 | S36: =S35+C$9 -> 10.7681 | T36: =S36*R36 -> 1875.3723 | U36: =U35+R36 -> 35298.103 | V36: =V35+T36 -> 724327.69 | W36: =V36/U36 -> 20.520301 | X36: =W36-C$5 -> 0.91030092 | Y36: =X36/C$2 -> 0.26483524
F37: a row 15 | G37: =C$8/2*C$7 -> 174.16 | H37: =H15 -> 17.0673 | I37: =G37*H37 -> 2972.441 | J37: =J36+G37 -> 35472.263 | K37: =K36+I37 -> 742582.83 | L37: =K37/J37 -> 20.934183 | M37: =L37-C$5 -> 1.3241827 | N37: =M37/C$2 -> 0.38524649 | Q37: a row 8 | R37: =C$8*C$7/2 -> 174.16 | S37: =S36+C$9 -> 11.5555 | T37: =S37*R37 -> 2012.5059 | U37: =U36+R37 -> 35472.263 | V37: =V36+T37 -> 726340.2 | W37: =V37/U37 -> 20.476286 | X37: =W37-C$5 -> 0.86628597 | Y37: =X37/C$2 -> 0.2520299
F38: a row 14 | G38: =C$8/2*C$7 -> 174.16 | H38: =H16 -> 16.2799 | I38: =G38*H38 -> 2835.3074 | J38: =J37+G38 -> 35646.423 | K38: =K37+I38 -> 745418.14 | L38: =K38/J38 -> 20.911443 | M38: =L38-C$5 -> 1.301443 | N38: =M38/C$2 -> 0.37863079 | Q38: a row 9 | R38: =C$8*C$7/2 -> 174.16 | S38: =S37+C$9 -> 12.3429 | T38: =S38*R38 -> 2149.6395 | U38: =U37+R38 -> 35646.423 | V38: =V37+T38 -> 728489.84 | W38: =V38/U38 -> 20.436548 | X38: =W38-C$5 -> 0.82654817 | Y38: =X38/C$2 -> 0.24046892
B39: Important note! Since the battery is non-removable (and we don't want to calculate the cg's for the batteries separately), this loading diagram just assumes they are loaded in one go. | F39: a row 13 | G39: =C$8/2*C$7 -> 174.16 | H39: =H17 -> 15.4925 | I39: =G39*H39 -> 2698.1738 | J39: =J38+G39 -> 35820.583 | K39: =K38+I39 -> 748116.31 | L39: =K39/J39 -> 20.885096 | M39: =L39-C$5 -> 1.275096 | N39: =M39/C$2 -> 0.37096563 | Q39: a row 10 | R39: =C$8*C$7/2 -> 174.16 | S39: =S38+C$9 -> 13.1303 | T39: =S39*R39 -> 2286.773 | U39: =U38+R39 -> 35820.583 | V39: =V38+T39 -> 730776.61 | W39: =V39/U39 -> 20.401025 | X39: =W39-C$5 -> 0.79102512 | Y39: =X39/C$2 -> 0.23013415
F40: a row 12 | G40: =C$8/2*C$7 -> 174.16 | H40: =H18 -> 14.7051 | I40: =G40*H40 -> 2561.0402 | J40: =J39+G40 -> 35994.743 | K40: =K39+I40 -> 750677.35 | L40: =K40/J40 -> 20.855194 | M40: =L40-C$5 -> 1.2451942 | N40: =M40/C$2 -> 0.36226625 | Q40: a row 11 | R40: =C$8*C$7/2 -> 174.16 | S40: =S39+C$9 -> 13.9177 | T40: =S40*R40 -> 2423.9066 | U40: =U39+R40 -> 35994.743 | V40: =V39+T40 -> 733200.52 | W40: =V40/U40 -> 20.369656 | X40: =W40-C$5 -> 0.75965566 | Y40: =X40/C$2 -> 0.22100778
F41: a row 11 | G41: =C$8/2*C$7 -> 174.16 | H41: =H19 -> 13.9177 | I41: =G41*H41 -> 2423.9066 | J41: =J40+G41 -> 36168.903 | K41: =K40+I41 -> 753101.26 | L41: =K41/J41 -> 20.821789 | M41: =L41-C$5 -> 1.2117889 | N41: =M41/C$2 -> 0.35254758 | Q41: a row 12 | R41: =C$8*C$7/2 -> 174.16 | S41: =S40+C$9 -> 14.7051 | T41: =S41*R41 -> 2561.0402 | U41: =U40+R41 -> 36168.903 | V41: =V40+T41 -> 735761.56 | W41: =V41/U41 -> 20.34238 | X41: =W41-C$5 -> 0.73237977 | Y41: =X41/C$2 -> 0.21307236
F42: a row 10 | G42: =C$8/2*C$7 -> 174.16 | H42: =H20 -> 13.1303 | I42: =G42*H42 -> 2286.773 | J42: =J41+G42 -> 36343.063 | K42: =K41+I42 -> 755388.03 | L42: =K42/J42 -> 20.78493 | M42: =L42-C$5 -> 1.1749304 | N42: =M42/C$2 -> 0.34182429 | Q42: a row 13 | R42: =C$8*C$7/2 -> 174.16 | S42: =S41+C$9 -> 15.4925 | T42: =S42*R42 -> 2698.1738 | U42: =U41+R42 -> 36343.063 | V42: =V41+T42 -> 738459.73 | W42: =V42/U42 -> 20.319139 | X42: =W42-C$5 -> 0.7091386 | Y42: =X42/C$2 -> 0.20631078
F43: a row 9 | G43: =C$8/2*C$7 -> 174.16 | H43: =H21 -> 12.3429 | I43: =G43*H43 -> 2149.6395 | J43: =J42+G43 -> 36517.223 | K43: =K42+I43 -> 757537.67 | L43: =K43/J43 -> 20.744668 | M43: =L43-C$5 -> 1.1346682 | N43: =M43/C$2 -> 0.33011075 | Q43: a row 14 | R43: =C$8*C$7/2 -> 174.16 | S43: =S42+C$9 -> 16.2799 | T43: =S43*R43 -> 2835.3074 | U43: =U42+R43 -> 36517.223 | V43: =V42+T43 -> 741295.04 | W43: =V43/U43 -> 20.299874 | X43: =W43-C$5 -> 0.68987444 | Y43: =X43/C$2 -> 0.20070622
F44: a row 8 | G44: =C$8/2*C$7 -> 174.16 | H44: =H22 -> 11.5555 | I44: =G44*H44 -> 2012.5059 | J44: =J43+G44 -> 36691.383 | K44: =K43+I44 -> 759550.18 | L44: =K44/J44 -> 20.701051 | M44: =L44-C$5 -> 1.0910507 | N44: =M44/C$2 -> 0.31742105 | Q44: a row 15 | R44: =C$8*C$7/2 -> 174.16 | S44: =S43+C$9 -> 17.0673 | T44: =S44*R44 -> 2972.441 | U44: =U43+R44 -> 36691.383 | V44: =V43+T44 -> 744267.48 | W44: =V44/U44 -> 20.284531 | X44: =W44-C$5 -> 0.67453064 | Y44: =X44/C$2 -> 0.19624223
F45: a row 7 | G45: =C$8/2*C$7 -> 174.16 | H45: =H23 -> 10.7681 | I45: =G45*H45 -> 1875.3723 | J45: =J44+G45 -> 36865.543 | K45: =K44+I45 -> 761425.55 | L45: =K45/J45 -> 20.654126 | M45: =L45-C$5 -> 1.0441255 | N45: =M45/C$2 -> 0.30376903 | Q45: a row 16 | R45: =C$8*C$7/2 -> 174.16 | S45: =S44+C$9 -> 17.8547 | T45: =S45*R45 -> 3109.5746 | U45: =U44+R45 -> 36865.543 | V45: =V44+T45 -> 747377.06 | W45: =V45/U45 -> 20.273052 | X45: =W45-C$5 -> 0.66305165 | Y45: =X45/C$2 -> 0.19290263
F46: a row 6 | G46: =C$8/2*C$7 -> 174.16 | H46: =H24 -> 9.9807 | I46: =G46*H46 -> 1738.2387 | J46: =J45+G46 -> 37039.703 | K46: =K45+I46 -> 763163.79 | L46: =K46/J46 -> 20.603939 | M46: =L46-C$5 -> 0.99393926 | N46: =M46/C$2 -> 0.28916827 | Q46: a row 17 | R46: =C$8*C$7/2 -> 174.16 | S46: =S45+C$9 -> 18.6421 | T46: =S46*R46 -> 3246.7081 | U46: =U45+R46 -> 37039.703 | V46: =V45+T46 -> 750623.76 | W46: =V46/U46 -> 20.265383 | X46: =W46-C$5 -> 0.65538294 | Y46: =X46/C$2 -> 0.19067156
F47: a row 5 | G47: =C$8/2*C$7 -> 174.16 | H47: =H25 -> 9.1933 | I47: =G47*H47 -> 1601.1051 | J47: =J46+G47 -> 37213.863 | K47: =K46+I47 -> 764764.89 | L47: =K47/J47 -> 20.550538 | M47: =L47-C$5 -> 0.94053774 | N47: =M47/C$2 -> 0.27363208 | Q47: a row 18 | R47: =C$8*C$7/2 -> 174.16 | S47: =S46+C$9 -> 19.4295 | T47: =S47*R47 -> 3383.8417 | U47: =U46+R47 -> 37213.863 | V47: =V46+T47 -> 754007.61 | W47: =V47/U47 -> 20.261471 | X47: =W47-C$5 -> 0.65147103 | Y47: =X47/C$2 -> 0.18953346
F48: a row 4 | G48: =C$8/2*C$7 -> 174.16 | H48: =H26 -> 8.4059 | I48: =G48*H48 -> 1463.9715 | J48: =J47+G48 -> 37388.023 | K48: =K47+I48 -> 766228.87 | L48: =K48/J48 -> 20.493966 | M48: =L48-C$5 -> 0.88396588 | N48: =M48/C$2 -> 0.25717354 | Q48: a row 19 | R48: =C$8*C$7/2 -> 174.16 | S48: =S47+C$9 -> 20.2169 | T48: =S48*R48 -> 3520.9753 | U48: =U47+R48 -> 37388.023 | V48: =V47+T48 -> 757528.58 | W48: =V48/U48 -> 20.261263 | X48: =W48-C$5 -> 0.65126341 | Y48: =X48/C$2 -> 0.18947306
F49: a row 3 | G49: =C$8/2*C$7 -> 174.16 | H49: =H27 -> 7.6185 | I49: =G49*H49 -> 1326.838 | J49: =J48+G49 -> 37562.183 | K49: =K48+I49 -> 767555.7 | L49: =K49/J49 -> 20.434268 | M49: =L49-C$5 -> 0.82426777 | N49: =M49/C$2 -> 0.23980548 | Q49: a row 20 | R49: =C$8*C$7/2 -> 174.16 | S49: =S48+C$9 -> 21.0043 | T49: =S49*R49 -> 3658.1089 | U49: =U48+R49 -> 37562.183 | V49: =V48+T49 -> 761186.69 | W49: =V49/U49 -> 20.264709 | X49: =W49-C$5 -> 0.65470856 | Y49: =X49/C$2 -> 0.19047536
F50: a row 2 | G50: =C$8/2*C$7 -> 174.16 | H50: =H28 -> 6.8311 | I50: =G50*H50 -> 1189.7044 | J50: =J49+G50 -> 37736.343 | K50: =K49+I50 -> 768745.41 | L50: =K50/J50 -> 20.371487 | M50: =L50-C$5 -> 0.76148671 | N50: =M50/C$2 -> 0.22154049 | Q50: a row 21 | R50: =C$8*C$7/2 -> 174.16 | S50: =S49+C$9 -> 21.7917 | T50: =S50*R50 -> 3795.2425 | U50: =U49+R50 -> 37736.343 | V50: =V49+T50 -> 764981.93 | W50: =V50/U50 -> 20.271756 | X50: =W50-C$5 -> 0.6617559 | Y50: =X50/C$2 -> 0.19252565
F51: a row 1 | G51: =C$8/2*C$7 -> 174.16 | H51: =H29 -> 6.0437 | I51: =G51*H51 -> 1052.5708 | J51: =J50+G51 -> 37910.503 | K51: =K50+I51 -> 769797.98 | L51: =K51/J51 -> 20.305665 | M51: =L51-C$5 -> 0.69566518 | N51: =M51/C$2 -> 0.20239093 | Q51: a row 22 | R51: =C$8*C$7/2 -> 174.16 | S51: =S50+C$9 -> 22.5791 | T51: =S51*R51 -> 3932.3761 | U51: =U50+R51 -> 37910.503 | V51: =V50+T51 -> 768914.31 | W51: =V51/U51 -> 20.282356 | X51: =W51-C$5 -> 0.67235579 | Y51: =X51/C$2 -> 0.1956095
E52: fuel | F52: fuel | G52: ='Weight Pie Charts'!D40 -> 3729.4971 | H52: =cg_loading_exx!C30 -> 20.469309 | I52: =G52*H52 -> 76340.227 | J52: =J51+G52 -> 41640 | K52: =K51+I52 -> 846138.21 | L52: =K52/J52 -> 20.320322 | M52: =L52-C$5 -> 0.71032196 | N52: =M52/C$2 -> 0.20665505 | P52: fuel | Q52: fuel | R52: =G52 -> 3729.4971 | S52: =H52 -> 20.469309 | T52: =R52*S52 -> 76340.227 | U52: =U51+R52 -> 41640 | V52: =V51+T52 -> 845254.54 | W52: =V52/U52 -> 20.2991 | X52: =W52-C$5 -> 0.68910027 | Y52: =X52/C$2 -> 0.200481

Sheet CG Range
B3: CRJ-1000 | F3: CRJ-EXX
B5: x_LEMAC/lf | C5: min + 2% | D5: max + 2% | F5: x_LEMAC/lf | G5: min + 2% | H5: max + 2%
B6: ='CRJ-1000 Loading Diagram'!C4 -> 0.53623188 | C6: =MIN('CRJ-1000 Loading Diagram'!Y4:Y57)-0.02 -> 0.14175045 | D6: =MAX('CRJ-1000 Loading Diagram'!N4:N57)+0.02 -> 0.76959617 | F6: ='CRJ-EXX Loading Diagram'!C4 -> 0.53623188 | G6: =MIN('CRJ-EXX Loading Diagram'!Y4:Y52)-0.02 -> 0.16947306 | H6: =MAX('CRJ-EXX Loading Diagram'!N4:N52)+0.02 -> 0.74297514
B10: TO DO: Once the Loading Diagrams have all correct values, tweak the x_LEMAC/lf and write the resulting xmin and xmax in the tables below. Based on this, construct the cg range plot. THESE ARE TOTALLY NOT UP TO DATE
B14: x_LEMAC/lf | C14: min + 2% | D14: max + 2% | F14: x_LEMAC/lf | G14: min + 2% | H14: max + 2%
B15: 0.25 | C15: 1.652832 | D15: 2.158519 | F15: 0.25 | G15: 1.691696 | H15: 2.608029
B16: 0.35 | C16: 0.591921 | D16: 1.097608 | F16: 0.35 | G16: 0.630785 | H16: 1.547118
B17: 0.45 | C17: -0.46899 | D17: 0.036697 | F17: 0.45 | G17: -0.43013 | H17: 0.486207

Sheet Weight Pie Charts
C4: CRJ-1000
E6: % MTOW
C7: MTOW | D7: 41640 | E7: 100
C9: OEW | D9: 23188 | E9: =D9/D$7*100 -> 55.68684
C10: Wp (cabin) | D10: =D20 -> 8708 | E10: =D10/D$7*100 -> 20.912584
C11: WF | D11: =D7-D9-D18 -> 6487 | E11: =D11/D$7*100 -> 15.57877
C12: Wp (aft) | D12: =D27 -> 2386.0381 | E12: =D12/D$7*100 -> 5.7301588
C13: Wp (front) | D13: =D26 -> 870.96187 | E13: =D13/D$7*100 -> 2.0916471
C14: Total | D14: =SUM(D9:D13) -> 41640 | E14: =D14/D7*100 -> 100
C18: Wp | D18: 11965
C19: Wcargo | D19: 3257
C20: Wp cabin | D20: =D18-D19 -> 8708
C22: V front | D22: 5.26
C23: V aft | D23: 14.41
C24: V tot | D24: =D23+D22 -> 19.67
C26: W front | D26: =D22/D24*D19 -> 870.96187
C27: W aft | D27: =D23/D24*D19 -> 2386.0381
C28: Total | D28: =D27+D26 -> 3257
C33: CRJ-EXX
E35: % MTOW
C36: MTOW | D36: 41640 | E36: 100
C38: OEW | D38: =cg_loading_exx!B68 -> 22490.463 | E38: =D38/D$7*100 -> 54.011679
C39: Wp (cabin) | D39: =8708*0.88 -> 7663.04 | E39: =D39/D$7*100 -> 18.403074
C40: WF | D40: =D36-D49-D38-D42-D41 -> 3729.4971 | E40: =D40/D36*100 -> 8.9565251
C41: W Batt (front) | D41: =G55 -> 2025 | E41: =D41/D36*100 -> 4.8631124
C42: W Batt (aft) | D42: =G57 -> 2475 | E42: =D42/D36*100 -> 5.943804
C43: Wp (aft) | D43: =D59 -> 2487.9052 | E43: =D43/D$7*100 -> 5.9747963
C44: Wp (front) | D44: =D58 -> 769.09481 | E44: =D44/D$7*100 -> 1.8470096
C45: Total | D45: =SUM(D38:D44) -> 41640 | E45: =D45/D36*100 -> 100
E47: =E39+E43+E44 -> 26.22488
C49: Wp | D49: =D51+D50 -> 10920.04
C50: Wcargo | D50: 3257
C51: Wp cabin | D51: =D39 -> 7663.04
C53: New Cargo | F53: Battery
C54: V front | D54: =D22-G54 -> 3.96 | F54: V bat front | G54: 1.3
C55: V aft | D55: =D23-G56 -> 12.81 | F55: W bat front | G55: 2025
C56: V tot | D56: =D55+D54 -> 16.77 | F56: V bat aft | G56: 1.6
F57: W bat aft | G57: 2475
C58: W front | D58: =D54/D56*D50 -> 769.09481
C59: W aft | D59: =D55/D56*D50 -> 2487.9052
C60: Total | D60: =D59+D58 -> 3257
C62: From cg_loading
C63: Fuselage weight | D63: =cg_loading!B51*D36 -> 14574
C64: Wing weight | D64: =cg_loading!B48*D36 -> 8203.08
C66: F weight CR-EXX | D66: =0.93*D63 -> 13553.82
C67: W weight CR-EXX | D67: =0.91*D64 -> 7464.8028
C68: Total dif in OEW | D68: =SUM(D66:D67)-SUM(D63:D64) -> -1758.4572

Sheet pay, load, stuff
D3: x_cargo_f | E3: x_cargo_a | F3: x_cabin | G3: sum | I3: x_payload
D4: 10.94 | E4: 29.15 | F4: 16.94 | I4: =SUM(D10:F10)/G7 -> 18.938083
D6: m_cargo_f | E6: m_cargo_a | F6: m_cabin
D7: 871 | E7: 2386 | F7: 8708 | G7: =SUM(D7:F7) -> 11965
D9: xm
D10: =D4*D7 -> 9528.74 | E10: =E4*E7 -> 69551.9 | F10: =F4*F7 -> 147513.52

Sheet DEPRECATED
L1: Control Curve | V1: X_cg / MAC | W1: Sh/S Stability | X1: Sh/S Control
B2: Stick fixed stability | L2: Gradient | M2: =1 / ( (P4/(P9)) *C37/C22 * C6 ) -> -0.40568246 | O2: Control curve | V2: 0 | W2: =$M$7*V2+$M$8 -> 0.078029313 | X2: =$M$2*W2+$M$3 -> 0.087281772
B3: Parameter | C3: Value | D3: Unit | F3: Description | L3: Intercept | M3: =(P5/(P9) - C4) / ( (P4/(P9)) *C37/C22 * C6 ) -> 0.1189369 | O3: Parameter | P3: Value | Q3: Unit | V3: 0.1 | W3: =$M$7*V3+$M$8 -> 0.12044196 | X3: =$M$2*W3+$M$3 -> 0.070075706
B4: x_ac | C4: =C17 - 1.8*C18*C19*C20/(C5*C21*C22) + 0.273*C18*C23*(C24-C18)*TAN(C26)/((1+C25)*C22^2*(C24+2.15*C18)) + 2*C27*C28^2*C29/(C21*C22*C5) -> 0.23397653 | D4: Fraction of MAC | E4: Slide No. 39-40 | F4: AC of the aircraft less tail | I4: Calculated | O4: C_Lh | P4: -1 | V4: =$V$3*2 -> 0.2 | W4: =$M$7*V4+$M$8 -> 0.1628546 | X4: =$M$2*W4+$M$3 -> 0.05286964
B5: C_LaA-h | C5: =C38*(1+2.15*C18/C24)*C35/C21+PI()*C18^2/(2*C21) -> 7.0250561 | D5: [rad^-1] | F5: Lift rate coeff. of the aircraft less tail | I5: Calculated | O5: C_m_ac | P5: -0.12 | V5: =$V$3*3 -> 0.3 | W5: =$M$7*V5+$M$8 -> 0.20526725 | X5: =$M$2*W5+$M$3 -> 0.035663573
B6: (V_h/V)^2 | C6: 1 | D6: N.A. | F6: Tail/wing speed ratio | I6: GIVEN | L6: Stability Curve | O6: alpha | P6: =10*PI()/180 -> 0.17453293 | Q6: rad | V6: =$V$3*4 -> 0.4 | W6: =$M$7*V6+$M$8 -> 0.24767989 | X6: =$M$2*W6+$M$3 -> 0.018457507
B7: C_Lah | C7: =(2*PI()*C30)/(2+SQRT(4+((C30*C34/C33)^2)*(1+(TAN(C31)^2)/(C34^2)))) -> 4.5133531 | D7: [rad^-1] | F7: Lift rate coeff of the aircraft's tail | I7: Calculated | L7: Gradient | M7: =1 / ( ( C7/C5)* ( 1 - C8 ) *(C37/C22) * ( C6 ) ) -> 0.42412645 | O7: C_LaA-h (approach) | P7: =C50*(1+2.15*C18/C24)*C35/C21+PI()*C18^2/(2*C21) -> 5.4348253 | V7: =$V$3*5 -> 0.5 | W7: =$M$7*V7+$M$8 -> 0.29009254 | X7: =$M$2*W7+$M$3 -> 0.0012514407
B8: de/da | C8: =(C44/C45) * ((C41/(C41^2+C42^2))*(0.4876/(SQRT(C41^2+0.6319+C42^2))) + (1 + (C41^2/(C41^2+0.7915+5.0734*C42^2))^0.3113)*(1 - SQRT(C42^2/(1+C42^2)))) * C38/(PI()*C39) -> 0.26550709 | D8: N.A. | E8: Slide No. 47 (hidden) | F8: Downwash effect | I8: Calculated | L8: Intercept | M8: =( C4 - C9 ) / ( ( C7/C5)* ( 1 - C8 ) *(C37/C22) * ( C6 ) ) -> 0.078029313 | O8: C_Law approach | P8: =C50 -> 4.5272184 | V8: =$V$3*6 -> 0.6 | W8: =$M$7*V8+$M$8 -> 0.33250518 | X8: =$M$2*W8+$M$3 -> -0.015954626
B9: SM | C9: 0.05 | D9: N.A. | F9: Safety margin | I9: GIVEN | O9: C_LA-h | P9: 2.027 | V9: =$V$3*7 -> 0.7 | W9: =$M$7*V9+$M$8 -> 0.37491783 | X9: =$M$2*W9+$M$3 -> -0.033160692
B10: C_Lh | C10: -1 | F10: maximum for movable tails | I10: Assumed | P10: 2.118 | V10: =$V$3*8 -> 0.8 | W10: =$M$7*V10+$M$8 -> 0.41733048 | X10: =$M$2*W10+$M$3 -> -0.050366758
B11: C_m_ac | C11: -0.12 | F11: from graph | I11: Assumed | P11: 2.4 | V11: =$V$3*9 -> 0.9 | W11: =$M$7*V11+$M$8 -> 0.45974312 | X11: =$M$2*W11+$M$3 -> -0.067572824
B12: alpha | C12: =10*PI()/180 -> 0.17453293 | D12: rad | F12: Assumed landing glide angle of attack | V12: 1 | W12: =$M$7*V12+$M$8 -> 0.50215577 | X12: =$M$2*W12+$M$3 -> -0.084778891
B15: Geometric and aero parameters
B16: Parameter | C16: Value | D16: Unit | F16: Description
B17: x_ac_w | C17: 0.35 | D17: Fraction of MAC | F17: Wing AC contribution | I17: General knowledge
B18: b_f | C18: 2.695 | D18: [m] | F18: Fuselage width | I18: From APM
B19: h_f | C19: 2.695 | D19: [m] | F19: Fuselage height | I19: From APM, assumption of circular fuselage, looks accurate (APM also specifies "diameter" so likely its round)
B20: l_fn | C20: 36.466 | D20: [m] | F20: Fuselage length | I20: From APM, but on ground, might be slightly different in flight
B21: S_w | C21: =(E60+E59)*C24/2 -> 80.845929 | D21: [m^2] | F21: Wing planform area | I21: From APM
B22: c_MAC | C22: =E61 -> 3.3863373 | D22: [m] | F22: MAC length | I22: We have a pixel calculation, but an actual one would be nicer
B23: c_g | C23: =C21/C24 -> 3.0886697 | D23: [m] | F23: Mean geometric chord | I23: From APM
B24: b | C24: 26.175 | D24: [m] | F24: Wing span | I24: From APM
B25: taper | C25: =E59/E60 -> 0.27960928 | D25: N.A. | F25: Wing taper | I25: Calculated
B26: c/4 sweep | C26: =ATAN(TAN(RADIANS(D62))-4*0.25*(1-C25)/(C39*(1+C25))) -> 0.46939193 | D26: [rad] | F26: Wing quarter chord sweep | I26: Calculated
B27: k_n | C27: -2.5 | D27: N.A. | F27: Nacelle contribution coeff. | I27: GIVEN
B28: b_n | C28: 1.55 | D28: [m] | F28: Nacelle width | I28: From APM, Actually height, but they seem circular
B29: l_n | C29: =E64 -> -11.874284 | D29: [m] | E29: Negative! (behind MAC/4) | F29: Nacelle position | I29: From APM 28.6 to front or 30.55 to center of nacelle. Actually, the value for front is to coinciding door, but seems close enough.
B30: A_h | C30: =((8.541)^2)/(15.91) -> 4.5850837 | D30: N.A. | F30: Tail aspect ratio | I30: Data from APM
B31: c/2 sweep_h | C31: =ATAN(TAN(RADIANS(D66))-4*0.5*(1-C43)/(C30*(1+C43))) -> 0.47262445 | D31: [rad] | F31: Tail half chord sweep | I31: Calculated
B32: M | C32: 0.78 | D32: N.A. | F32: Mach number | I32: Corporate contact
B33: eta | C33: 0.95 | D33: [-] | F33: Airfoil efficiency (lower bound taken) | I33: Conservative estimate
B34: beta | C34: =SQRT(1-(C32^2)) -> 0.62577951 | D34: [-] | I34: Calculated
B35: S_net | C35: 77.4 | D35: [m^2] | F35: Net wing area | I35: Corporate contact
B36: S_h | C36: 21.5 | D36: [m^2] | I36: Corporate contact
B37: l_h | C37: =E65 -> 16.919898 | D37: [m] | I37: Pixel measurements | K37: corporate contact: 13.5m
B38: C_Law | C38: =(2*PI()*C39)/(2+SQRT(4+((C39*C34/C33)^2)*(1+(TAN(C40)^2)/(C34^2)))) -> 5.8871955 | D38: [rad^-1] | I38: Calculated
B39: A_w | C39: =C24^2/C21 -> 8.4745223 | D39: [-] | I39: Calculated
B40: c/2 sweep_w | C40: =RADIANS(D63) -> 0.40299652 | D40: [rad] | I40: Pixel measurements
B41: r | C41: =E65/(C24/2) -> 1.2928288 | D41: [-] | I41: Calculated
B42: m_tv | C42: =E70/(C24/2) -> 0.51253762 | D42: [-] | I42: Calculated
B43: taper_h | C43: =E69/E68 -> 0.4696449 | D43: [-] | I43: Calculated
B44: K_lam | C44: =(0.1124+0.1265*C26+0.1766*C26^2)/(C41^2) + 0.1024/C41 + 2 -> 2.2052606 | D44: [-] | I44: Calculated
B45: K_lam0 | C45: =0.1124/(C41^2) + 0.1024/C41 + 2 -> 2.1464549 | D45: [-] | I45: Calculated
B46: V approach | C46: 124 | D46: kts
B47: V approach | C47: =C46*0.51444 -> 63.79056 | D47: m/s
B48: M approach | C48: =C47/343 -> 0.18597831 | D48: -
B49: beta approach | C49: =SQRT(1-(C48^2)) -> 0.98255385
B50: C_Law approach | C50: =(2*PI()*C39)/(2+SQRT(4+((C39*C49/C33)^2)*(1+(TAN(C40)^2)/(C49^2)))) -> 4.5272184
B52: Colour code: | D52: Measured [mm] to real dimension in [m]: | F52: 0.29472039
B53: Given
B54: Uncertain
B55: Certain
B58: Parameter | C58: Measurement [mm] | D58: Measurement [deg.] | E58: Scaled [m]
B59: tip chord_w | C59: 4.58 | E59: =C59*F$52 -> 1.3498194
B60: root chord_w | C60: 16.38 | E60: =C60*F$52 -> 4.82752
B61: mac_w | C61: 11.49 | E61: =C61*F$52 -> 3.3863373
B62: LE sweep_w | D62: =90-60.16 -> 29.84
B63: c/2 sweep_w | D63: =90-66.91 -> 23.09
B64: l_n | C64: -40.29 | E64: =C64*F$52 -> -11.874284
B65: l_h | C65: 57.41 | E65: =C65*F$52 -> 16.919898
B66: LE sweep_h | D66: =90-56.23 -> 33.77
B67: c/2 sweep_h
B68: root chord_h | C68: 8.73 | E68: =C68*F$52 -> 2.572909
B69: tip_chord_h | C69: 4.1 | E69: =C69*F$52 -> 1.2083536
B70: v_separation | C70: 22.76 | E70: =C70*F$52 -> 6.7078361
B71: nacelle length | C71: 11.38 | E71: =C71*F$52 -> 3.353918
B73: l_h_goga | C73: 57.19 | E73: =C73*F$52 -> 16.855059

Sheet Stability CRJ-EXX
B2: Stick fixed stability | L2: Control Curve Plot | O2: Control curve
B3: Parameter | C3: Value | D3: Unit | F3: Description | L3: Gradient | M3: =1 / ( (P4/(P9)) *C37/C22 * C6 ) -> -0.48681895 | O3: Parameter | P3: Value | Q3: Unit
B4: x_ac | C4: =C17 - 1.8*C18*C19*C20/(C5*C21*C22) + 0.273*C18*C23*(C24-C18)*TAN(C26)/((1+C25)*C22^2*(C24+2.15*C18)) + 2*C27*C28^2*C29/(C21*C22*C5) -> 0.28152097 | D4: Fraction of MAC | E4: Slide No. 39-40 | F4: AC of the aircraft less tail | I4: Calculated | L4: Intercept | M4: =(P5/(P9) - C4) / ( (P4/(P9)) *C37/C22 * C6 ) -> 0.22659907 | O4: C_Lh | P4: -1
B5: C_LaA-h | C5: =C38*(1+2.15*C18/C24)*C35/C21+PI()*C18^2/(2*C21) -> 7.4304072 | D5: [rad^-1] | F5: Lift rate coeff. of the aircraft less tail | I5: Calculated | O5: C_m_ac | P5: =C64 -> -0.4474349
B6: (V_h/V)^2 | C6: 1 | D6: N.A. | F6: Tail/wing speed ratio | I6: GIVEN | O6: alpha | P6: =10*PI()/180 -> 0.17453293 | Q6: rad
B7: C_Lah | C7: =(2*PI()*C30)/(2+SQRT(4+((C30*C34/C33)^2)*(1+(TAN(C31)^2)/(C34^2)))) -> 4.5133531 | D7: [rad^-1] | F7: Lift rate coeff of the aircraft's tail | I7: Calculated | L7: Stability Curve Plot | O7: C_LaA-h (approach) | P7: =C50*(1+2.15*C18/C24)*C35/C21+PI()*C18^2/(2*C21) -> 5.6571448
B8: de/da | C8: =(C44/C45) * ((C41/(C41^2+C42^2))*(0.4876/(SQRT(C41^2+0.6319+C42^2))) + (1 + (C41^2/(C41^2+0.7915+5.0734*C42^2))^0.3113)*(1 - SQRT(C42^2/(1+C42^2)))) * C38/(PI()*C39) -> 0.22510155 | D8: N.A. | E8: Slide No. 47 (hidden) | F8: Downwash effect | I8: Calculated | L8: Gradient | M8: =1 / ( ( C7/C5)* ( 1 - C8 ) *(C37/C22) * ( C6 ) ) -> 0.42520757 | O8: C_Law approach | P8: =C50 -> 4.7173477
B9: SM | C9: 0 | D9: N.A. | F9: Safety margin | I9: GIVEN | L9: Intercept | M9: =( C4 - C9 ) / ( ( C7/C5)* ( 1 - C8 ) *(C37/C22) * ( C6 ) ) -> 0.11970485 | O9: C_LA-h | P9: =2.027*1.2 -> 2.4324
B10: C_Lh | C10: -1 | F10: maximum for movable tails | I10: Assumed
B11: C_m_ac | C11: -0.12 | F11: from graph | I11: Assumed
B12: alpha | C12: =10*PI()/180 -> 0.17453293 | D12: rad | F12: Assumed landing glide angle of attack
B15: Geometric and aero parameters
B16: Parameter | C16: Value | D16: Unit | F16: Description
B17: x_ac_w | C17: 0.35 | D17: Fraction of MAC | F17: Wing AC contribution | I17: General knowledge | T17: FOR THE CRJ EXX
B18: b_f | C18: 2.695 | D18: [m] | F18: Fuselage width | I18: From APM | T18: nacelles have increased dimension both in length (+20%) and diameter (+20%)
B19: h_f | C19: 2.695 | D19: [m] | F19: Fuselage height | I19: From APM, assumption of circular fuselage, looks accurate (APM also specifies "diameter" so likely its round) | T19: the MTOW of the CRJ-EXX will be the same of the CRJ-1000
B20: l_fn | C20: 36.466 | D20: [m] | F20: Fuselage length | I20: From APM, but on ground, might be slightly different in flight | T20: increases the wing effective Aspect Ratio by 25% when compared to the initial CRJ-1000
B21: S_w | C21: =(E77+E76)*C24/2 -> 80.845929 | D21: [m^2] | F21: Wing planform area | I21: From APM | T21: The maximum lift coefficient of the Aircraft-less-tail is increased by 20% with respect the CRJ-1000
B22: c_MAC | C22: =E78 -> 3.3863373 | D22: [m] | F22: MAC length | I22: We have a pixel calculation, but an actual one would be nicer
B23: c_g | C23: =C21/C24 -> 3.0886697 | D23: [m] | F23: Mean geometric chord | I23: From APM
B24: b | C24: 26.175 | D24: [m] | F24: Wing span | I24: From APM
B25: taper | C25: =E76/E77 -> 0.27960928 | D25: N.A. | F25: Wing taper | I25: Calculated
B26: c/4 sweep | C26: =ATAN(TAN(RADIANS(D79))-4*0.25*(1-C25)/(C39*(1+C25))) -> 0.47990296 | D26: [rad] | F26: Wing quarter chord sweep | I26: Calculated
B27: k_n | C27: -2.5 | D27: N.A. | F27: Nacelle contribution coeff. | I27: GIVEN
B28: b_n | C28: =1.55*1.2 -> 1.86 | D28: [m] | F28: Nacelle width | I28: From APM, Actually height, but they seem circular
B29: l_n | C29: =E90 -> -12.545068 | D29: [m] | E29: Negative! (behind MAC/4) | F29: Nacelle position | I29: From APM 28.6 to front or 30.55 to center of nacelle. Actually, the value for front is to coinciding door, but seems close enough.
B30: A_h | C30: =((8.541)^2)/(15.91) -> 4.5850837 | D30: N.A. | F30: Tail aspect ratio | I30: Data from APM
B31: c/2 sweep_h | C31: =ATAN(TAN(RADIANS(D83))-4*0.5*(1-C43)/(C30*(1+C43))) -> 0.47262445 | D31: [rad] | F31: Tail half chord sweep | I31: Calculated
B32: M | C32: 0.78 | D32: N.A. | F32: Mach number | I32: Corporate contact
B33: eta | C33: 0.95 | D33: [-] | F33: Airfoil efficiency (lower bound taken) | I33: Conservative estimate
B34: beta | C34: =SQRT(1-(C32^2)) -> 0.62577951 | D34: [-] | I34: Calculated
B35: S_net | C35: 77.4 | D35: [m^2] | F35: Net wing area | I35: Corporate contact
B36: S_h | C36: 21.5 | D36: [m^2] | I36: Corporate contact
B37: l_h | C37: =E82 -> 16.919898 | D37: [m] | I37: Pixel measurements | K37: corporate contact: 13.5m
B38: C_Law | C38: =(2*PI()*C39)/(2+SQRT(4+((C39*C34/C33)^2)*(1+(TAN(C40)^2)/(C34^2)))) -> 6.2338547 | D38: [rad^-1] | I38: Calculated
B39: A_w | C39: =1.25*C24^2/C21 -> 10.593153 | D39: [-] | I39: Calculated
B40: c/2 sweep_w | C40: =RADIANS(D80) -> 0.40299652 | D40: [rad] | I40: Pixel measurements
B41: r | C41: =E82/(C24/2) -> 1.2928288 | D41: [-] | I41: Calculated
B42: m_tv | C42: =E87/(C24/2) -> 0.51253762 | D42: [-] | I42: Calculated
B43: taper_h | C43: =E86/E85 -> 0.4696449 | D43: [-] | I43: Calculated
B44: K_lam | C44: =(0.1124+0.1265*C26+0.1766*C26^2)/(C41^2) + 0.1024/C41 + 2 -> 2.2071104 | D44: [-] | I44: Calculated
B45: K_lam0 | C45: =0.1124/(C41^2) + 0.1024/C41 + 2 -> 2.1464549 | D45: [-] | I45: Calculated
B46: V approach | C46: 124 | D46: kts
B47: V approach | C47: =C46*0.51444 -> 63.79056 | D47: m/s
B48: M approach | C48: =C47/343 -> 0.18597831 | D48: -
B49: beta approach | C49: =SQRT(1-(C48^2)) -> 0.98255385
B50: C_Law approach | C50: =(2*PI()*C39)/(2+SQRT(4+((C39*C49/C33)^2)*(1+(TAN(C40)^2)/(C49^2)))) -> 4.7173477
B52: Cm0airfoil | C52: -0.12
B53: Cm_ac_w | C53: =C52*( (C39*COS(C26)^2)/(C39 + 2*COS(C26)) ) -> -0.080876083
B54: CL0 | C54: 0.1746 | E54: Taken from data for the NACA 641-212 | G54: https://www.scribd.com/document/581297906/STUDY-ABOUT-641-212-AIRFOIL-PROPERTIES-Fillipe-Oliveira
B55: delta_fus Cm_ac | C55: =-1.8 * (1 - (2.5 * C18)/C20 ) * ( (PI()*C18*C19*C20)/(4*C21*C22) ) * (C54 / P7) -> -0.034412126
B56: mu1 | C56: 0.2
B57: mu2 | C57: 0.5
B58: mu3 | C58: 0.0525
B59: delta Cl max | C59: =1.6*C60 -> 1.8816 | E59: https://eng.libretexts.org/Bookshelves/Aerospace_Engineering/Fundamentals_of_Aerospace_Engineering_%28Arnedo%29/03%3A_Aerodynamics/3.04%3A_High-lift_devices/3.4.03%3A_Increase_in_CLmax?utm_source=chatgpt.com
B60: c'/c | C60: 1.176
B61: S_wf | C61: 28.437
B62: deltaCm c/4 | C62: =C57 * ( -C56*C59*C60 - (P9 + C59 * ( 1 - C61/C21 )) * 1/8 * C60 * (C60 - 1) ) + 0.7 * C39 / (1 + 2/C39) * C58 * C59 * TAN(C26) -> 0.052188359
B63: delta Cm ac | C63: =C62 - P9*(0.25 - C66/C22) -> -0.33214669
B64: Cmac | C64: =C53+C55+C63 -> -0.4474349
B65: x_ac_w_appr | C65: 0.38
B66: x_ac_appr | C66: =C65 - 1.8*C18*C19*C20/(C5*C21*C22) + 0.273*C18*C23*(C24-C18)*TAN(C26)/((1+C25)*C22^2*(C24+2.15*C18)) + 2*C27*C28^2*C29/(C21*C22*C5) -> 0.31152097
B69: Colour code: | D69: Measured [mm] to real dimension in [m]: | F69: 0.29472039
B70: Given
B71: Uncertain
B72: Certain
B75: Parameter | C75: Measurement [mm] | D75: Measurement [deg.] | E75: Scaled [m]
B76: tip chord_w | C76: 4.58 | E76: =C76*F$69 -> 1.3498194
B77: root chord_w | C77: 16.38 | E77: =C77*F$69 -> 4.82752
B78: mac_w | C78: 11.49 | E78: =C78*F$69 -> 3.3863373
B79: LE sweep_w | D79: =90-60.16 -> 29.84
B80: c/2 sweep_w | D80: =90-66.91 -> 23.09
B81: l_n | C81: -40.29 | E81: =C81*F$69 -> -11.874284
B82: l_h | C82: 57.41 | E82: =C82*F$69 -> 16.919898
B83: LE sweep_h | D83: =90-56.23 -> 33.77
B84: c/2 sweep_h
B85: root chord_h | C85: 8.73 | E85: =C85*F$69 -> 2.572909
B86: tip_chord_h | C86: 4.1 | E86: =C86*F$69 -> 1.2083536
B87: v_separation | C87: 22.76 | E87: =C87*F$69 -> 6.7078361
B88: nacelle length | C88: 11.38 | E88: =C88*F$69 -> 3.353918
B90: l_n_adjusted | E90: =E81-0.2*E88 -> -12.545068

Sheet Stability CRJ1000
B2: Stick fixed stability | L2: Control Curve Plot | O2: Control curve
B3: Parameter | C3: Value | D3: Unit | F3: Description | L3: Gradient | M3: =1 / ( (P4/(P9)) *C37/C22 * C6 ) -> -0.40568246 | O3: Parameter | P3: Value | Q3: Unit
B4: x_ac | C4: =C17 - 1.8*C18*C19*C20/(C5*C21*C22) + 0.273*C18*C23*(C24-C18)*TAN(C26)/((1+C25)*C22^2*(C24+2.15*C18)) + 2*C27*C28^2*C29/(C21*C22*C5) -> 0.23397653 | D4: Fraction of MAC | E4: Slide No. 39-40 | F4: AC of the aircraft less tail | I4: Calculated | L4: Intercept | M4: =(P5/(P9) - C4) / ( (P4/(P9)) *C37/C22 * C6 ) -> 0.19223082 | O4: C_Lh | P4: -1
B5: C_LaA-h | C5: =C38*(1+2.15*C18/C24)*C35/C21+PI()*C18^2/(2*C21) -> 7.0250561 | D5: [rad^-1] | F5: Lift rate coeff. of the aircraft less tail | I5: Calculated | O5: C_m_ac | P5: =C64 -> -0.48621448
B6: (V_h/V)^2 | C6: 1 | D6: N.A. | F6: Tail/wing speed ratio | I6: GIVEN | O6: alpha | P6: =10*PI()/180 -> 0.17453293 | Q6: rad
B7: C_Lah | C7: =(2*PI()*C30)/(2+SQRT(4+((C30*C34/C33)^2)*(1+(TAN(C31)^2)/(C34^2)))) -> 4.5133531 | D7: [rad^-1] | F7: Lift rate coeff of the aircraft's tail | I7: Calculated | L7: Stability Curve Plot | O7: C_LaA-h (approach) | P7: =C50*(1+2.15*C18/C24)*C35/C21+PI()*C18^2/(2*C21) -> 5.4348253
B8: de/da | C8: =(C44/C45) * ((C41/(C41^2+C42^2))*(0.4876/(SQRT(C41^2+0.6319+C42^2))) + (1 + (C41^2/(C41^2+0.7915+5.0734*C42^2))^0.3113)*(1 - SQRT(C42^2/(1+C42^2)))) * C38/(PI()*C39) -> 0.26550709 | D8: N.A. | E8: Slide No. 47 (hidden) | F8: Downwash effect | I8: Calculated | L8: Gradient | M8: =1 / ( ( C7/C5)* ( 1 - C8 ) *(C37/C22) * ( C6 ) ) -> 0.42412645 | O8: C_Law approach | P8: =C50 -> 4.5272184
B9: SM | C9: 0.05 | D9: N.A. | F9: Safety margin | I9: GIVEN | L9: Intercept | M9: =( C4 - C9 ) / ( ( C7/C5)* ( 1 - C8 ) *(C37/C22) * ( C6 ) ) -> 0.078029313 | O9: C_LA-h | P9: 2.027
B10: C_Lh | C10: -1 | F10: maximum for movable tails | I10: Assumed
B11: C_m_ac | C11: -0.12 | F11: from graph | I11: Assumed
B12: alpha | C12: =10*PI()/180 -> 0.17453293 | D12: rad | F12: Assumed landing glide angle of attack
B15: Geometric and aero parameters
B16: Parameter | C16: Value | D16: Unit | F16: Description
B17: x_ac_w | C17: 0.35 | D17: Fraction of MAC | F17: Wing AC contribution | I17: General knowledge | T17: FOR THE CRJ EXX
B18: b_f | C18: 2.695 | D18: [m] | F18: Fuselage width | I18: From APM | T18: nacelles have increased dimension both in length (+20%) and diameter (+20%)
B19: h_f | C19: 2.695 | D19: [m] | F19: Fuselage height | I19: From APM, assumption of circular fuselage, looks accurate (APM also specifies "diameter" so likely its round) | T19: the MTOW of the CRJ-EXX will be the same of the CRJ-1000
B20: l_fn | C20: 36.466 | D20: [m] | F20: Fuselage length | I20: From APM, but on ground, might be slightly different in flight | T20: increases the wing effective Aspect Ratio by 25% when compared to the initial CRJ-1000
B21: S_w | C21: =(E77+E76)*C24/2 -> 80.845929 | D21: [m^2] | F21: Wing planform area | I21: From APM | T21: The maximum lift coefficient of the Aircraft-less-tail is increased by 20% with respect the CRJ-1000
B22: c_MAC | C22: =E78 -> 3.3863373 | D22: [m] | F22: MAC length | I22: We have a pixel calculation, but an actual one would be nicer
B23: c_g | C23: =C21/C24 -> 3.0886697 | D23: [m] | F23: Mean geometric chord | I23: From APM
B24: b | C24: 26.175 | D24: [m] | F24: Wing span | I24: From APM
B25: taper | C25: =E76/E77 -> 0.27960928 | D25: N.A. | F25: Wing taper | I25: Calculated
B26: c/4 sweep | C26: =ATAN(TAN(RADIANS(D79))-4*0.25*(1-C25)/(C39*(1+C25))) -> 0.46939193 | D26: [rad] | F26: Wing quarter chord sweep | I26: Calculated
B27: k_n | C27: -2.5 | D27: N.A. | F27: Nacelle contribution coeff. | I27: GIVEN
B28: b_n | C28: 1.55 | D28: [m] | F28: Nacelle width | I28: From APM, Actually height, but they seem circular | T28: Table for report
B29: l_n | C29: =E81 -> -11.874284 | D29: [m] | E29: Negative! (behind MAC/4) | F29: Nacelle position | I29: From APM 28.6 to front or 30.55 to center of nacelle. Actually, the value for front is to coinciding door, but seems close enough.
B30: A_h | C30: =((8.541)^2)/(15.91) -> 4.5850837 | D30: N.A. | F30: Tail aspect ratio | I30: Data from APM
B31: c/2 sweep_h | C31: =ATAN(TAN(RADIANS(D83))-4*0.5*(1-C43)/(C30*(1+C43))) -> 0.47262445 | D31: [rad] | F31: Tail half chord sweep | I31: Calculated
B32: M | C32: 0.78 | D32: N.A. | F32: Mach number | I32: Corporate contact
B33: eta | C33: 0.95 | D33: [-] | F33: Airfoil efficiency (lower bound taken) | I33: Conservative estimate
B34: beta | C34: =SQRT(1-(C32^2)) -> 0.62577951 | D34: [-] | I34: Calculated
B35: S_net | C35: 77.4 | D35: [m^2] | F35: Net wing area | I35: Corporate contact
B36: S_h | C36: 21.5 | D36: [m^2] | I36: Corporate contact
B37: l_h | C37: =E82 -> 16.919898 | D37: [m] | I37: Pixel measurements | K37: corporate contact: 13.5m
B38: C_Law | C38: =(2*PI()*C39)/(2+SQRT(4+((C39*C34/C33)^2)*(1+(TAN(C40)^2)/(C34^2)))) -> 5.8871955 | D38: [rad^-1] | I38: Calculated
B39: A_w | C39: =C24^2/C21 -> 8.4745223 | D39: [-] | I39: Calculated
B40: c/2 sweep_w | C40: =RADIANS(D80) -> 0.40299652 | D40: [rad] | I40: Pixel measurements
B41: r | C41: =E82/(C24/2) -> 1.2928288 | D41: [-] | I41: Calculated
B42: m_tv | C42: =E87/(C24/2) -> 0.51253762 | D42: [-] | I42: Calculated
B43: taper_h | C43: =E86/E85 -> 0.4696449 | D43: [-] | I43: Calculated
B44: K_lam | C44: =(0.1124+0.1265*C26+0.1766*C26^2)/(C41^2) + 0.1024/C41 + 2 -> 2.2052606 | D44: [-] | I44: Calculated
B45: K_lam0 | C45: =0.1124/(C41^2) + 0.1024/C41 + 2 -> 2.1464549 | D45: [-] | I45: Calculated
B46: V approach | C46: 124 | D46: kts
B47: V approach | C47: =C46*0.51444 -> 63.79056 | D47: m/s
B48: M approach | C48: =C47/343 -> 0.18597831 | D48: -
B49: beta approach | C49: =SQRT(1-(C48^2)) -> 0.98255385
B50: C_Law approach | C50: =(2*PI()*C39)/(2+SQRT(4+((C39*C49/C33)^2)*(1+(TAN(C40)^2)/(C49^2)))) -> 4.5272184
B52: Cm0airfoil | C52: -0.12
B53: Cm_ac_w | C53: =C52*( (C39*COS(C26)^2)/(C39 + 2*COS(C26)) ) -> -0.078850096
B54: CL0 | C54: 0.1746 | E54: Taken from data for the NACA 641-212 | G54: https://www.scribd.com/document/581297906/STUDY-ABOUT-641-212-AIRFOIL-PROPERTIES-Fillipe-Oliveira
B55: delta_fus Cm_ac | C55: =-1.8 * (1 - (2.5 * C18)/C20 ) * ( (PI()*C18*C19*C20)/(4*C21*C22) ) * (C54 / P7) -> -0.035819804
B56: mu1 | C56: 0.2
B57: mu2 | C57: 0.5
B58: mu3 | C58: 0.0525
B59: delta Cl max | C59: =1.6*C60 -> 1.8816 | E59: https://eng.libretexts.org/Bookshelves/Aerospace_Engineering/Fundamentals_of_Aerospace_Engineering_%28Arnedo%29/03%3A_Aerodynamics/3.04%3A_High-lift_devices/3.4.03%3A_Increase_in_CLmax?utm_source=chatgpt.com
B60: c'/c | C60: 1.176
B61: S_wf | C61: 28.437
B62: deltaCm c/4 | C62: =C57 * ( -C56*C59*C60 - (P9 + C59 * ( 1 - C61/C21 )) * 1/8 * C60 * (C60 - 1) ) + 0.7 * C39 / (1 + 2/C39) * C58 * C59 * TAN(C26) -> -0.022806132
B63: delta Cm ac | C63: =C62 - P9*(0.25 - C66/C22) -> -0.37154457
B64: Cmac | C64: =C53+C55+C63 -> -0.48621448
B65: x_ac_w_appr | C65: 0.38
B66: x_ac_appr | C66: =C65 - 1.8*C18*C19*C20/(C5*C21*C22) + 0.273*C18*C23*(C24-C18)*TAN(C26)/((1+C25)*C22^2*(C24+2.15*C18)) + 2*C27*C28^2*C29/(C21*C22*C5) -> 0.26397653
B69: Colour code: | D69: Measured [mm] to real dimension in [m]: | F69: 0.29472039
B70: Given
B71: Uncertain
B72: Certain
B75: Parameter | C75: Measurement [mm] | D75: Measurement [deg.] | E75: Scaled [m]
B76: tip chord_w | C76: 4.58 | E76: =C76*F$69 -> 1.3498194
B77: root chord_w | C77: 16.38 | E77: =C77*F$69 -> 4.82752
B78: mac_w | C78: 11.49 | E78: =C78*F$69 -> 3.3863373
B79: LE sweep_w | D79: =90-60.16 -> 29.84
B80: c/2 sweep_w | D80: =90-66.91 -> 23.09
B81: l_n | C81: -40.29 | E81: =C81*F$69 -> -11.874284
B82: l_h | C82: 57.41 | E82: =C82*F$69 -> 16.919898
B83: LE sweep_h | D83: =90-56.23 -> 33.77
B84: c/2 sweep_h
B85: root chord_h | C85: 8.73 | E85: =C85*F$69 -> 2.572909
B86: tip_chord_h | C86: 4.1 | E86: =C86*F$69 -> 1.2083536
B87: v_separation | C87: 22.76 | E87: =C87*F$69 -> 6.7078361
B88: nacelle length | C88: 11.38 | E88: =C88*F$69 -> 3.353918
B90: l_h_goga | C90: 57.19 | E90: =C90*F$69 -> 16.855059

Sheet Fuselage
A1: Use this sheet to perform your fuselage design. You'll need to make several drawing on graphing paper. Use the American convention for positioning your front view and side view with respect to your top view.
A3: Assignment 5.1 | F3: Unit
A4: State how your reference airplanes store cargo and luggage
A5: State the design payload mass | E5: ='Cover sheet'!B24 -> 8400 | F5: kg
A6: State the maximum payload mass | E6: ='Cover sheet'!B25 -> 11965 | F6: kg
A7: Assume an appropriate passenger mass excluding luggage | E7: 75 | F7: kg
A8: Compute the total passenger mass excluding luggage | E8: =E7*'Cover sheet'!B20 -> 7500 | F8: kg
A9: Assume an appropriate carry-on luggage mass per passenger | E9: 5 | F9: kg
A10: Compute the total carry-on luggage mass | E10: =E9*'Cover sheet'!B20 -> 500 | F10: kg
A11: Assume an appropriate cargo hold luggage mass per passenger | E11: 15 | F11: kg
A12: Compute the total cargo-hold luggage based mass | E12: =E11*'Cover sheet'!B20 -> 1500 | F12: kg
A13: Compute the remaining cargo mass for the design payload | E13: =E5-E8-E10-E12 -> -1100 | F13: kg
A14: Compute the remaining cargo mass for the maximum structural payload | E14: =E6-E8-E10-E12 -> 2465 | F14: kg
A15: Make assumptions on the volume per passenger, the density of luggage and the density of cargo. State these assumptions
A16: Volume per passenger: | E16: 0.73 | F16: m3
A17: Luggage density | E17: 165 | F17: kg/m3
A18: Cargo density | E18: 161 | F18: kg/m3
A19: Compute the approximate volume of passengers, carry-on luggage, cargo-hold luggage and cargo
A20: Passenger volume: | E20: =E16*'Cover sheet'!B20 -> 73 | F20: m3
A21: Luggage volume in cabin | E21: =E10/E17 -> 3.030303 | F21: m3
A22: Luggage volume in cargo hold | E22: =E12/E18 -> 9.3167702 | F22: m3
A23: Cargo mass | E23: =E14 -> 2465 | F23: kg
A24: Cargo volume | E24: =E23/E18 -> 15.310559 | F24: m3
A25: Decide how you distribute the payload witin your fuselage. Expain why you choose this distribution | E25: The hand lugage in the overhead bins
A26: Decide whether to store luggage and cargo in bulk and/or in unit load devices. Motivate your decision. | E26: Cargo storage in bulk as the place is too small for ULDs
A27: If you use unit load devices, specify the type: | F27: -
A28: If you use unit load devices, specify the dimensions
A29: internal volume | F29: m3
A30: height (overall) | F30: m
A31: height (un-contoured part) equal to overall height in case non contour | F31: m
A32: depth | F32: m
A33: base width | F33: m
A34: overall width | F34: m
A35: Contour (none, single, double) | F35: -
A36: Full width of half width | F36: -
A38: Assignment 5.2
A39: Use the design sequence for the cabin cross section to design the cabin cross section of your airplane | F39: Unit
A40: Specify the aisle width you choose at armrest height: | E40: 0.38 | F40: m
A41: Specify the aisle width you choose at shoulder height: | E41: 0.51 | F41: m
A42: List the values for wcabin: | E42: =5*0.43+(5+1+1)*0.05+1*E40+2*0.05 -> 2.98 | F42: m
A43: df_inner (if applicable) | E43: 3.35 | F43: m
A44: df_outer (if applicable) | E44: =E43+0.25 -> 3.6 | F44: m
A45: What is the resulting height (hfus) of the fuselage cross section that you have designed? | E45: =E44 -> 3.6 | F45: m
A46: What is the resulting width (wfus) of the fuselage cross section that you have designed? | E46: =E44 -> 3.6 | F46: m
A47: What is the total perimeter length of your fuselage cross section? | E47: =PI()*E44 -> 11.309734 | F47: m
A48: Draw the cross section of your fuselage on a separate sheet, indicate the key dimensions.
A49: Make a picture of the fuselage cross section and save it as <studentID>_fuselageCrossSection.jpg
A51: Fuselage 3-view drawing - use an A3 paper here. You will later on add the rest of the aircraft.
A52: Assignment 5.3 - Design fuselage top view
A53: Choose a value for the following dimensional parameters of the nose and tail cone of the fuselage. Substantiate your choice in a single sentence.
A54: Nose length: ln | E54: 3.8 | F54: m
A55: Nose-cone slenderness ratio: lnc/dfus | E55: 2 | F55: -
A56: Tail-cone slenderness ratio: ltc/dfus | E56: 3.6 | F56: -
A57: Tail-to-tail-cone length ratio: lt/ltc | E57: 0.5 | F57: -
A58: Why do you make these choices? | E58: There is enough space in the cabin while sill having good aerodynamic properties.
A59: Use the sequence of the design steps at the beginning of this section to draw your fuselage in topview and indicate the main dimensions/angles
A60: What is the resulting cabin length, lcabin? | E60: =1.17*((134)/(5)) -> 31.356 | F60: m
A61: What is the resulting length of your fuselage, lfus? | E61: 36.466 | F61: m
A63: Assignment 5.4 - Design fuselage side view
A64: What upward view angle do you choose? | E64: 20 | F64: Deg
A65: What over-nose angle do you choose? | E65: 20 | F65: Deg
A66: Why? | E66: The angle was calculated for the aproach angle of 4 deg and aproach speed of 68 m/s
A67: What upsweep angle do you choose for the tail cone of your fuselage? | E67: 6 | F67: Deg
A68: Why? | E68: High angle to minimise the length of the undercurage and it also looked right on the drawing
A69: Follow the steps laid out at the beginning of this section and draw your fuselage in side view and indicate the main dimensions/angles
A71: Motivate your decision on the distribution of the emergency exits
B72: Type A | C72: Type B | D72: Type C | E72: Type I | F72: Type II | G72: Type III | H72: Type IV | I72: Total:
A73: Number of emergency exits: | E73: 2 | G73: 1 | I73: =SUM(B73:H73) -> 3
A74: Why? | E74: This is the amount of emergency exits needed for planes up to 139 passangers and I have 134.
A76: Add the fuselage topview in your fuselage 3 view drawing
A78: Make a picture of your drawing, this may come in handy later!

Sheet Cover sheet
A1: AE1222-II | B1: Aircraft Design and Systems Engineering Elements I
B2: Aircraft Design Data sheet
A4: Instructions: | B4: Before submitting, complete the checklist below to make sure your assignment is complete and you have added all required pictures!
B5: save pictures as: | C5: <studentID>_aircraft3View.jpg
B6: For example: | C6: 1234567_aircraft3View.jpg
A8: Notes: | B8: Use the graphing paper that is provided during the lectures.
B9: Make copies and pictures during the various drawing steps. In some cases you want to try a certain step first in a copy or on a seperate paper.
B10: Always try this before adding it to your final drawing, to avoid having to redraw parts!
A12: First name:
A13: Last name:
A14: Student number:
A15: Academic year of first enrolment
A16: Date:
A17: Aircraft number:
A19: Top level aircraft requirements: | B19: Specify the requirements associated to your aircraft number below. | F19: Unit
A20: # Passengers | B20: 100 | F20: -
A21: Range | B21: 3056 | F21: km
A22: Mass per passenger inc. Luggage | B22: =76+8 -> 84 | F22: kg
A23: Seat width | B23: 78.74 | F23: cm
A24: Design payload mass | B24: =B20*B22 -> 8400 | F24: kg
A25: Maximum structural payload mass | B25: 11965 | F25: kg
A26: Design objective | B26: Minimum MTOM
A28: Checklist files | B28: You should have all these files, according to this naming convention. Replace <studentID> with your student number, e.g. 1234567
A29: 1 | B29: <studentID>_AE1222II_ACD_2024.xlsx
A30: 2 | B30: <studentID>_missionProfile.jpg
A31: 3 | B31: <studentID>_fuselageCrossSection.jpg
A32: 4 | B32: <studentID>_PLRdiagram.jpg
A33: 5 | B33: <studentID>_matchingDiagram.jpg
A34: 6 | B34: <studentID>_loadingDiagram.jpg
A35: 7 | B35: <studentID>_aircraft3View.jpg
A37: Checklist assignments | B37: You should have completed all these sheets:
A38: 1 | B38: Cover sheet
A39: 2 | B39: TLAR
A40: 3 | B40: Reference Aircraft
A41: 4 | B41: Configuration Selection
A42: 5 | B42: Fuselage
A43: 6 | B43: Drag Polar
A44: 7 | B44: Mass Estimation
A45: 8 | B45: Matching Diagram
A46: 9 | B46: Wing
A47: 10 | B47: Propulsion System
A48: 11 | B48: CG and Loading Diagram
A49: 12 | B49: Landing Gear
... A51: 14 | B51: Design Log Book

Sheet TLAR
A1: Fill this sheet with the requirements for your aircraft. Some fields are prefilled.
A2: Make sure to also perform assignment 3.2 and specify the number of engines you choose.
A4: Take-off | C4: Unit | E4: Climb gradient requirements CS 25 at ISA SL | G4: Unit
A5: Take-off distance | B5: 2680 | C5: m | E5: Climb gradient requirements 25.119
A6: Runway surface type | B6: asphalt/tarmac | C6: - | E6: Mass fraction | F6: 1 | G6: -
A7: Airport altitude | B7: 500 | C7: m | E7: Available Thrust (fraction) | F7: 1 | G7: -
A8: Airport temperature | B8: 298 | C8: K | E8: Landing gear configuration | F8: Extended | G8: -
A9: Mass fraction take-off | B9: 1 | C9: - | E9: Flap setting | F9: Landing | G9: -
E10: # of operating engines | F10: =B40 -> 2 | G10: -
A11: Climb | E11: Climb gradient | F11: 3.2 | G11: %
A12: Minimum climb rate required | B12: 4.7 | C12: m/s
A13: Altitude for climb performance | B13: 7400 | C13: m | E13: Climb gradient requirements 25.121a
A14: Temperature | B14: =273.15-33.1 -> 240.05 | C14: K | E14: Mass fraction | F14: 1 | G14: -
A15: Mass fraction climb | B15: 0.95 | C15: - | E15: Available Thrust (fraction) | F15: 0.5 | G15: -
E16: Landing gear configuration | F16: Extended | G16: -
A17: Cruise (specify speed in either knots or Mach number, specify the unit) | E17: Flap setting | F17: Landing | G17: -
A18: Minimum cruise speed/Mach required | B18: 0.82 | C18: Mach | E18: # of operating engines | F18: =B40-1 -> 1 | G18: -
A19: Cruise altitude | B19: 10000 | C19: m | E19: Climb gradient | F19: 0 | G19: %
A20: Temperature | B20: =273.15-50 -> 223.15 | C20: K | E20: Climb gradient requirements 25.121b
A21: Mass fraction cruise | B21: 0.95 | C21: - | E21: Mass fraction | F21: 1 | G21: -
E22: Available Thrust (fraction) | F22: 0.5 | G22: -
A23: Landing | E23: Landing gear configuration | F23: Retracted | G23: -
A24: Landing field length | B24: 1480 | C24: m | E24: Flap setting | F24: Take-off | G24: -
A25: Runway condition | B25: dry | C25: - | E25: # of operating engines | F25: =B40-1 -> 1 | G25: -
A26: Runway surface type | B26: asphalt/tarmac | C26: - | E26: Climb gradient | F26: 2.4 | G26: %
A27: Airport altitude | B27: 0 | C27: m | E27: Climb gradient requirements 25.121c
A28: Airport temperature | B28: 288.15 | C28: K | E28: Mass fraction | F28: 1 | G28: -
A29: Mass fraction landing | B29: 0.87 | C29: - | E29: Available Thrust (fraction) | F29: 0.5 | G29: -
A30: Loiter time | B30: 45 | C30: min | E30: Landing gear configuration | F30: Retracted | G30: -
A31: Diversion range | B31: 250 | C31: km | E31: Flap setting | F31: Clean | G31: -
A32: Certification specifications | B32: CS-25 | C32: - | E32: # of operating engines | F32: =B40-1 -> 1 | G32: -
E33: Climb gradient | F33: 1.2 | G33: %
A34: Approach speed requirement | E34: Climb gradient requirements 25.121d
A35: Altitude for approach speed | B35: 0 | C35: m | E35: Mass fraction | F35: =B29 -> 0.87 | G35: -
A36: Mass fraction approach speed | B36: 0.87 | C36: - | E36: Available Thrust (fraction) | F36: 0.5 | G36: -
A37: Temperature | B37: 288.15 | C37: K | E37: Landing gear configuration | F37: Retracted | G37: -
A38: Approach speed | B38: 68 | C38: m/s | E38: Flap setting | F38: Landing | G38: -
E39: # of operating engines | F39: =B40-1 -> 1 | G39: -
A40: Decide the # of Engines for your aircraft: | B40: 2 | C40: - | E40: Climb gradient | F40: 2.1 | G40: %
A42: Assignment 3.2
A43: Draw a two-dimensional mission profile that depicts the mission of your airplane
A44: Make a picture of your drawing and save it as <studentID>_missionProfile.jpg
A45: For example: 1234567_missionProfile.jpg

Sheet Reference Aircraft
A1: Use this table to specify the reference aircraft you select. Select 5 aircraft that are close to your requirements. Later, you will complete the assignments from chapter 6 and 7 in the same table
A2: Aircraft No. | B2: ='Cover sheet'!B17 -> 0
A3: # Passengers | B3: ='Cover sheet'!B20 -> 100 | C3: -
A4: Maximum Payload mass | B4: ='Cover sheet'!B25 -> 11965 | C4: kg
A5: Mission range | B5: ='Cover sheet'!B21 -> 3056 | C5: km
K6: Assignment 6.1 | L6: Assignment 6.2 | N6: Assignment 6.6 | O6: Assignment 7.10 | P6: Assignment 7.10
A7: Reference | B7: Manufacturer | C7: Aircraft name | D7: # Passengers | E7: Maximum payload [kg] | F7: Range [km] | G7: Maximum take-off mass [kg] | H7: Empty mass (or Operating Empty Mass) [kg] | I7: Wing Area [m2] | J7: Wing span [m] | K7: Aspect ratio | L7: Swet/S | M7: Swet | N7: OEM/MTOM | O7: =IF('Configuration Selection'!$B$10="propeller","Total Take-off power [kW]","Total Take-off thrust [kN]") -> Total Take-off thrust [kN] | P7: =IF('Configuration Selection'!$B$10="propeller","W_TO/P_TO [N/W]","T_TO/W_TO [N/N]") -> T_TO/W_TO [N/N]
A8: 1 | B8: Airbus | C8: A319 | D8: 156 | E8: 14000 | F8: 6800 | G8: 75500 | H8: 35400 | I8: 122.6 | J8: 35.8 | K8: =J8^2/I8 -> 10.453834 | L8: 7 | M8: =J8*L8 -> 250.6 | N8: =H8/G8 -> 0.46887417 | O8: =(120000*2)/1000 -> 240 | P8: =O8/(G8*9.81)*1000 -> 0.32403751
A9: 2 | B9: Boeing | C9: 717-200 HGW (MD-95) | D9: 134 | E9: 14500 | F9: 3815 | G9: 53524 | H9: 30600 | I9: 93 | J9: 28.45 | K9: =J9^2/I9 -> 8.7032527 | L9: 6.5 | M9: =J9*L9 -> 184.925 | N9: =H9/G9 -> 0.57170615 | O9: =(84200*2)/1000 -> 168.4 | P9: =O9/(G9*9.81)*1000 -> 0.32071887
A10: 3 | B10: McDonnell Douglas | C10: MD-87 | D10: 139 | E10: 18200 | F10: 4400 | G10: 63800 | H10: 35310 | I10: 112.3 | J10: 32.82 | K10: =J10^2/I10 -> 9.59174 | L10: 6 | M10: =J10*L10 -> 196.92 | N10: =H10/G10 -> 0.55344828 | O10: =(93000*2)/1000 -> 186 | P10: =O10/(G10*9.81)*1000 -> 0.29718252
A11: 4 | B11: Vickers | C11: VC10 (Type 1101) | D11: 151 | E11: 18325 | F11: 7593 | G11: 141521 | H11: 66670 | I11: 264.8 | J11: 44.55 | K11: =J11^2/I11 -> 7.4951001 | L11: 5 | M11: =J11*L11 -> 222.75 | N11: =H11/G11 -> 0.47109616 | O11: =(93400*4)/1000 -> 373.6 | P11: =O11/(G11*9.81)*1000 -> 0.26910203
A12: 5 | B12: Tupolev | C12: Tu-154 | D12: 180 | E12: 18000 | F12: 5280 | G12: 102000 | H12: 54800 | I12: 202 | J12: 37.5 | K12: =J12^2/I12 -> 6.9616337 | L12: 5.5 | M12: =J12*L12 -> 206.25 | N12: =H12/G12 -> 0.5372549 | O12: =(103000*3)/1000 -> 309 | P12: =O12/(G12*9.81)*1000 -> 0.30880854

Sheet Configuration Selection
A1: Use this sheet to perform your configuration selection. You can select possibilities from the drop-down lists. Some aspects are prefilled and cannot be changed
A2: Always explain your choice in relation to the objective to design for minimum MTOM
A4: Select wing position | B4: low
A5: Explanation behind selection | B5: The low wing provides a way to mount enines at the back onto a fuselage andhave them run well without any disturbulansies caused by the wing.
A7: Energy carrier | B7: kerosene
A8: Specfic energy | B8: 44 | D8: MJ/kg
A10: Aircraft engine type: | B10: jet
A11: No. of engines | B11: =TLAR!B40 -> 2
A12: Explanation behind selection | B12: After I loked at possibe enines I could use I saw that for the size of my aircraft 3 modern engines had enough thrust to do the mission.
A13: Integration | B13: On fuselage side
A14: Explanation behind selection | B14: The tails fuselage mounted engines reduce the noise levels for most of the people, esspecially the people seated in front of the plane.
A15: How do you comply with turbine disk or propeller failure? | B15: The engines are loacated at the back, so they are far away form the pilots and the minimum flight crew.
A16: Has the integration of the propulsion system changed your design decision regarding the wing configuration? If so, explain. In case you make any changes, make sure to report them in the design log book.
A18: Landing gear layout | B18: Tricycle
A19: Main landing gear attachment | B19: Wing mounted
A20: Landing gear type | B20: Retractable
A21: Why? | B21: Tricycle - Increased stability on the ground, easier for pilots during takeoff and landing as well as the tail dragger is unrealistic at the at scale. Wing mounted - There needs ot be enough space between the landing gears to aviod wing strike. Reatractable - at the crusing speed of at least 0.77 Mach, non-retractable landing gear would create too much drag.
A22: Has the decision of your landing-gear layout changed your decision on the vertical wing position or how to integrate the propulsion system? In case you make any changes, make sure to report them in the design log book.
A24: Tail configuration | B24: T-Tail
A25: Explanation behind selection | B25: With the engines mounted at the back, this is pritty much the only viable option to keep the dirty air away from the control surfaces.
A26: Does the tail configuration of your choice have an influence on the other design choices you have made regarding the configuration? In otherwords, would you change any of the design decisions you have made before, now that you have chosen your tail configuration? Motivate your answer. In case you make any changes, make sure to report them in the design log book.

Sheet Drag Polar
A1: Use this sheet to calculate the drag polar from chapter 6. You will need to refer to this sheet again during the assignments for chapter 7 on the matching diagram
A2: Assignments 6.1 and 6.2 will require you calculate values for your reference aircraft in the tab "Reference Aircraft"
A4: Assignment 6.1
A5: For each of your reference airplanes compute the reference aspect ratio (in the tab "Reference Aircraft")
A6: Decide which aspect ratio you choose for your airplane | D6: 8.8495788 | E6: -
A7: Motivate your decision:
A8: How does the choice in aspect ratio compare to the ones found on your reference airplanes? | C8: It is a bit on the higher end, but some of my reference aircraft are quite old so with low aspect ratio, so mine is more silimlair to the newer aircreft on the list
A9: What is the envisioned effect of your choice on the lift-induced drag? | C9: As I chose quite a high aspect ratio the lift-induced drag will be reduced but a considerable amount
A10: What is the envisioned effect of your choice on the wing weight? | C10: The weigh migh be a bit higher due to the higher structural mass needed for the same wing area at higher aspect ratios
A11: What is the envisioned effect of your choice on internal wing volume for fuel and systems? | C11: The space in the wing shoiuld be engough for the fuel and my landing gear is stored in the fuselage, so it will not take up any space in the wing.
A13: Assignment 6.2
A14: In this assignment you are going to estimate the zero-lift drag coefficient of you airplane. | E14: Unit
A15: Make an estimate of the ratio of wetted-area to reference area for your reference airplanes (in the tab "Reference Aircraft")
A16: Estimate of the ratio of wetted-area to reference area for your airplane | D16: 7 | E16: -
A17: Calculate wetted area for your reference airplanes (in the tab "Reference Aircraft")
A18: Calculate wetted area for your airplane | E18: m2
A19: Estimate the equivalent friction coefficient for your airplane | D19: 0.0031 | E19: -
A20: Estimate the zero-lift drag coefficient of your airplane | D20: =D19*D16 -> 0.0217 | E20: -
A22: Assignment 6.3
A23: What value for the parasite drag parameter do you assume? | D23: 0.0075 | E23: -
A24: What value for the span efficiency factor do you assume? | D24: 0.97 | E24: -
A25: What is the maximum L/D value for your airplane in cruise configuration? | D25: =0.5*SQRT((PI()*D6*D26)/D20) -> 16.07546 | E25: -
A26: Based on these assumption, what is the Oswald efficiency factor of your airplane? | D26: =1/(PI()*D6*D23+1/D24) -> 0.80681525 | E26: -
A28: Assignment 6.4
A29: What (thermal) efficiency do you assume for your engine? | E29: -
A30: If you use a propeller, what propulsor efficiency do you assume? | E30: -
A31: If you use a turbofan, what bypass ratio do you choose? | D31: 5 | E31: -
A32: if you use a turbofan, what jet efficiency do you compute? | E32: -
A34: Assignment 7.7
A35: What is the maximum flap deflection you choose for landing? | D35: 40 | E35: Deg
A36: What is the intermediate flap deflection you choose for take-off? | D36: 20 | E36: Deg
A37: Compute zero-lift drag and Oswald factor for the following conditions:
A38: Fligth Condition | B38: Landing gear position | C38: Flap deflection [deg] | D38: CD_o | E38: e
A39: Cruise | B39: retracted | C39: 0 | D39: =D20+0.0013*C39 -> 0.0217 | E39: =D26 -> 0.80681525
A40: Cruise | B40: extended | C40: 0 | D40: =D20+0.0013*C40+0.02 -> 0.0417 | E40: =D26 -> 0.80681525
A41: Take-off | B41: retracted | C41: 20 | D41: =D20+0.0013*C41 -> 0.0477 | E41: =0.0046*C41+D26 -> 0.89881525
A42: Take-off | B42: extended | C42: 20 | D42: =D20+0.0013*C42+0.02 -> 0.0677 | E42: =0.0046*C42+D26 -> 0.89881525
A43: Landing | B43: retracted | C43: 40 | D43: =D20+0.0013*C43 -> 0.0737 | E43: =0.0046*C43+D26 -> 0.99081525
A44: Landing | B44: extended | C44: 40 | D44: =D20+0.0013*C44+0.02 -> 0.0937 | E44: =0.0046*C44+D26 -> 0.99081525

Sheet Mass Estimation
A1: Use this sheet to perform the mass estimation for chapter 6. The resulting payload range diagram is automatically constructed based on your calculations
A2: Assignment 6.6 will require you calculate values for your reference aircraft in the tab "Reference Aircraft"
A4: Assignment 6.5 | C4: Unit
A5: Calculate the fuel mass fraction | B5: =B18 -> 0.1557877 | C5: kg
A7: Assignment 6.6
A8: For your reference aircraft: (in the tab "Reference Aircraft")
A9: Find the maximum take-off mass
A10: Find the (operating) empty mass (depending on what is listed in literature)
A11: Compute the (operating) empty mass fraction for each reference aircraft
A12: Make an estimation of the (operating) empty mass fraction of your aircraft: | B12: =B16/B15 -> 0.5568684 | C12: kg
A14: Assignment 6.7
A15: Compute the maximum take-off mass of your airplane | B15: 41640 | C15: kg
A16: Compute the (operating) empty mass of your airplane | B16: 23188 | C16: kg
A17: Compute the fuel mass of your airplane | B17: 6487 | C17: kg
A18: What is the fuel mass fraction of your airplane? | B18: =B17/B15 -> 0.1557877 | C18: -
A20: Assignment 6.8 | B20: 0
A21: Design range | B21: ='Cover sheet'!B21 -> 3056 | C21: km
A22: Design payload | B22: ='Cover sheet'!B24 -> 8400 | C22: kg
A23: Maximum structural payload | B23: ='Cover sheet'!B25 -> 11965 | C23: kg
A24: What is the payload mass fraction of your airplane? | B24: =B23/B15 -> 0.2873439 | C24: -
A25: Compute the range at maximum structural payload | B25: =1000*(Sheet1!C6/9.81)*'Drag Polar'!D25*LN(('Mass Estimation'!B16+'Mass Estimation'!B23+'Mass Estimation'!B17)/('Mass Estimation'!B16+'Mass Estimation'!B23))-Sheet1!C7 -> 2228.6573 | C25: km
A26: Computer the ferry range at zero payload mass | B26: =1000*(Sheet1!C6/9.81)*'Drag Polar'!D25*LN(('Mass Estimation'!B16+'Mass Estimation'!B17)/('Mass Estimation'!B16))-Sheet1!C7 -> 3865.6285 | C26: km
A27: The payload range diagram on the right is automatically generated from your values.
A28: Copy the constraint diagram from Excel to a program of your choice (paint, powerpoint, etc.). Save this as a separate image with the name <studentID>_PLRdiagram.jpg

Sheet Is this updated question mark
B2: Sheet | C2: Section | D2: Notes
B3: Cover sheet | C3: Top level requirements | D3: Maximum range is 3056km (comes from AOM)
B14: Mass estimation | C14: 6.5 | D14: Up to date
C15: 6.6 | D15: OEW mass fraction is up to date
C16: 6.7 | D16: All values up to date
C17: 6.8 | D17: Needs to be updated based on drag polar (range etc.)
C18: Payload Range Diagram | D18: Looks sketchy. Possibly due to drag polar data being not up to date.
D19: For range at max payload, this document says it's 2698 km | E19: link
D20: AOM for CRJ aircraft | E20: AOM
D24: I changed the TSFC and bypass ratio to actual values and the p-r diagram looks better now
D25: (I also changed some stuff in drag polar that I'm not sure about (its in yellow for now))
D26: ~AH

Sheet Sheet1
D1: V From wikipedia
B2: TSFC | C2: =22*('Drag Polar'!D31)^-0.19 -> 16.203856 | D2: 19
B3: Rreq | C3: =('Cover sheet'!B21+C4)*(1+0.05)+(1.2*250)+(45*60*C5)/1000 -> 4412.8008
B4: Rlost | C4: =(1/0.7)*('Drag Polar'!D25)*((TLAR!B19/1000)+(((C5/1000)^2)/(2*9.81))) -> 229.71997
B5: vcr | C5: =TLAR!B18*((1.4*8.3145*223)/0.0289645)^0.5 -> 245.47957
B6: e | C6: =C5/D2 -> 12.919977
B7: Raux | C7: =C3-'Cover sheet'!B21 -> 1356.8008
B8: lapse | C8: =((26200)/(101325))*(1-(0.43+0.014*'Drag Polar'!$D$31)*SQRT(0.77)) -> 0.14512506 | D8: =(288.15-50)/(288.15) -> 0.82647926 | E8: =((26200)/(101325))*(1-(0.43+0.014*'Drag Polar'!$D$31)*SQRT(0.77)) -> 0.14512506 | F8: =0.4135/1.225 -> 0.33755102
B9: CD0 πAe | C9: ='Drag Polar'!D20*PI()*'Drag Polar'!D6*'Drag Polar'!D26 -> 0.48675039
B10: CD0/PIAe | C10: ='Drag Polar'!D20/(PI()*'Drag Polar'!D6*'Drag Polar'!D26) -> 0.00096741577
B11: Theta t cruise | C11: =TLAR!B20/288.15 -> 0.77442304

Sheet Matching Diagram
A1: Fill out the values you compute for the different constraints (power/thrust loading) for the range of wingloading values provided in column A.
A2: In order to determine the different constraints in the matching diagram, follow the assignments below.
A3: Cells on the right of the diagram are unlocked and can be used for intermediate calculations.
A4: The matching diagram is automatically generated from your computed values.
A5: You can "zoom in" on the area of interest by deleting all values (empty the rows) of +500N/m2 above your maximum wing loading constraint
A6: E.g. if your maximum is at 4000N/m2, empty all cells A145:H189 to only show the plot between 0 and 4500 N/m2 wingloading
A7: Changing the axis limits is allowed, however, other changes are NOT permitted
A8: Make sure to still show all the constraint lines that are required!
A9: You can define the upper plotting limit of the power/thrust loading for the vertical constraint lines in cell B96
A11: Assignment 7.1 | E11: Unit
A12: What airplane type are you designing? | D12: transport jet | E12: -
A13: In cruise configuration, what CLmax_cruise do you assume? | D13: 1.3 | E13: -
A14: Do you envision your airplane to have high-lift devices on the trailing edge? | D14: Yes | E14: -
A15: Do you envision your airplane to have high-lift devices on the leading edge? | D15: Yes | E15: -
A16: What landing CLmax_landing do you assume? | D16: 2.5 | E16: -
A17: What take-off CLmax_take-off do you assume? | D17: 2 | E17: -
A19: Assignment 7.2 | E19: Unit
A20: Given your minimum speed requirement (assignment 3.5) state the following:
A21: Approach speed: | D21: 68 | E21: m/s
A22: Altitude | D22: 0 | E22: m/s
A23: Temperature difference | D23: 0 | E23: K
A24: Mass fraction | D24: 0.87 | E24: -
A25: Compute the maximum take-off wing loading of your airplane according to the minimum speed constraint of the previous step
A26: Plot the minimum speed constraint by inputting the value in B99:B189
A28: Assignment 7.3 | E28: Unit
A29: Given your landing-field length requirement (assignment 3.3) state the following:
A30: Landing field length | D30: =TLAR!B24 -> 1480 | E30: m
A31: Altitude | D31: 0 | E31: m
A32: Temperature difference | D32: 0 | E32: K
A33: Mass fraction | D33: =TLAR!B29 -> 0.87 | E33: -
A34: Compute the density for this requirement: | D34: 1.225 | E34: kg/m3
A35: Compute the maximum wing loading of your airplane for this constraint
A36: Plot the landing constraint by inputting the value in C99:C189
A38: Assignment 7.4 | E38: Unit
A39: What is the cruise altitude of your aircraft? | D39: =TLAR!B19 -> 10000 | E39: m
A40: Compute the power/thrust lapse of your engine in cruise conditions
A41: By-pass ratio (if applicable): | D41: ='Drag Polar'!D31 -> 5 | E41: -
A42: Assignment 7.5 | E42: Unit
A43: Compute V_cr | D43: =Sheet1!C5 -> 245.47957 | E43: m/s
A44: Tabulate the power loading or thrust loading in Column E99:E189 as a function of wingloading (use column D99:D189)
A46: Assignment 7.6 | E46: Unit
A47: State the climb rate requirement for your aircraft: | D47: 4.7 | E47: m/s
A48: Altitude | D48: 7400 | E48: m/s
A49: Mass fraction | D49: =TLAR!B15 -> 0.95 | E49: -
A50: Temperature difference | D50: =TLAR!B14-288.15 -> -48.1 | E50: K
A51: Compute the atmospheric properties
A52: Temperature | D52: =TLAR!B14 -> 240.05 | E52: K
A53: Pressure | D53: 39300 | E53: Pa
A54: Density | D54: =1.225*0.4642 -> 0.568645 | E54: kg/m3
A55: Compute the lift coefficient for which the highest climb rate occurs | D55: =SQRT(PI()*'Drag Polar'!D26*'Drag Polar'!D6*'Drag Polar'!D20) -> 0.69767499 | E55: -
A56: Tabulate the take-off power/thrust loading values to satisfy the climb rate constraint in column (F99:F189) for a range of wing loading values (use column D99:D189)
A58: Assignment 7.8 | D58: ISA SL conditions
A59: State the climb gradient requirement for your airplane | D59: 25.119 | E59: 25.121(a) | F59: 25.121(b) | G59: 25.121(c) | H59: 25.121(d) | I59: Unit
A60: Altitude | D60: 0 | E60: 0 | F60: 0 | G60: 0 | H60: 0 | I60: m
A61: No. of operating engines | D61: =TLAR!F10 -> 2 | E61: =TLAR!F18 -> 1 | F61: =TLAR!F25 -> 1 | G61: =TLAR!F32 -> 1 | H61: =TLAR!F39 -> 1
A62: Mass fraction | D62: =TLAR!F6 -> 1 | E62: =TLAR!F14 -> 1 | F62: =TLAR!F21 -> 1 | G62: =TLAR!F28 -> 1 | H62: =TLAR!F35 -> 0.87
A63: Temperature Difference | D63: 0 | E63: 0 | F63: 0 | G63: 0 | H63: 0 | I63: K
A64: Applicable zero lift drag coefficient (Drag polar - assignment 7.7) | D64: ='Drag Polar'!D44 -> 0.0937 | E64: ='Drag Polar'!D42 -> 0.0677 | F64: ='Drag Polar'!D41 -> 0.0477 | G64: ='Drag Polar'!D39 -> 0.0217 | H64: ='Drag Polar'!D40 -> 0.0417 | I64: -
A65: Applicable Oswald factor (Drag polar - assignment 7.7) | D65: ='Drag Polar'!E44 -> 0.99081525 | E65: ='Drag Polar'!E42 -> 0.89881525 | F65: ='Drag Polar'!E41 -> 0.89881525 | G65: ='Drag Polar'!E40 -> 0.80681525 | H65: ='Drag Polar'!E40 -> 0.80681525 | I65: -
A66: Temperature | D66: 288.15 | E66: 288.15 | F66: 288.15 | G66: 288.15 | H66: 288.15 | I66: K
A67: Density | D67: 1.225 | E67: 1.225 | F67: 1.225 | G67: 1.225 | H67: 1.225 | I67: kg/m3
A68: Compute the lift coefficient for which the climb gradient is maximized (use an appropriate margin to the stall speed if applicable) | D68: =D16/1.1 -> 2.2727273 | E68: =D17/1.1 -> 1.8181818 | F68: =D17/1.1 -> 1.8181818 | G68: =D13/1.1 -> 1.1818182 | H68: =D16/1.1 -> 2.2727273 | I68: -
A69: Compute the drag coefficient for which the climb gradient is maximized | D69: =D64+(D68^2)/(PI()*D65*'Drag Polar'!$D$6) -> 0.28121218 | E69: =E64+(E68^2)/(PI()*E65*'Drag Polar'!$D$6) -> 0.19999143 | F69: =F64+(F68^2)/(PI()*F65*'Drag Polar'!$D$6) -> 0.17999143 | G69: =G64+(G68^2)/(PI()*G65*'Drag Polar'!$D$6) -> 0.083966544 | H69: =H64+(H68^2)/(PI()*H65*'Drag Polar'!$D$6) -> 0.27197568 | I69: -
A70: Tabulate the take-off power/thrust loading values to satisfy the climb gradients constraint in column (G99:G189) for a range of wing loading values (use column D99:D189)
A72: Assignment 7.9 | E72: Unit
A73: Take-off field length | D73: =TLAR!B5 -> 2680 | E73: m
A74: altitude | D74: =TLAR!B7 -> 500 | E74: m
A75: Temperature Difference | D75: 15 | E75: K
A76: Condition | D76: AEO
A77: Zero lift drag coefficient | D77: =E64 -> 0.0677
A78: Oswald factor | D78: =E65 -> 0.89881525 | AF78: Reference aircraf | AI78: MTOM | AJ78: T/W | AK78: W/S
A79: Compute the atmospheric properties | AF79: Airbus | AG79: A319 | AI79: 75500 | AJ79: =(120000*2)/(AI79*9.81) -> 0.32403751 | AK79: =(AI79*9.81)/'Reference Aircraft'!I8 -> 6041.2316
A80: Temperature | D80: =TLAR!B8 -> 298 | E80: K | AF80: Boeing | AG80: 717-200 HGW (MD-95) | AI80: 53524 | AJ80: =(84200*2)/(AI80*9.81) -> 0.32071887 | AK80: =(AI80*9.81)/'Reference Aircraft'!I9 -> 5645.9187 | AQ80: p | AR80: T | AS80: rho | AT80: T0
A81: Pressure | D81: =AQ81 -> 95707.118 | E81: Pa | AF81: McDonnell Douglas | AG81: MD-87 | AI81: 63800 | AJ81: =(93000*2)/(AI81*9.81) -> 0.29718252 | AK81: =(AI81*9.81)/'Reference Aircraft'!I10 -> 5573.268 | AQ81: =101325*POWER((AR81)/(AT81),-9.81/(-0.0065*287)) -> 95707.118 | AR81: 298 | AS81: =AQ81/(287*AR81) -> 1.1190412 | AT81: =AR81+6.5*0.5 -> 301.25
A82: Density | D82: =AS81 -> 1.1190412 | E82: kg/m3 | AF82: Vickers | AG82: VC10 (Type 1101) | AI82: 141521 | AJ82: =(93400*4)/(AI82*9.81) -> 0.26910203 | AK82: =(AI82*9.81)/'Reference Aircraft'!I11 -> 5242.9041
A83: Using the minimal allowed margin to the stall speed, compute the value of CL2 | D83: =(1.13^(-2))*D17 -> 1.5662934 | AF83: Tupolev | AG83: Tu-154 | AI83: 102000 | AJ83: =(103000*3)/(AI83*9.81) -> 0.30880854 | AK83: =(AI83*9.81)/'Reference Aircraft'!I12 -> 4953.5644
A84: Tabulate the take-off power/thrust loading values to satisfy the take-off constraint in column (H99:H189) for a range of wing loading values (use column D99:D189)
A86: Assignment 7.10 | E86: Unit
A87: Specify your design point:
A88: WTO/SW | D88: 5370 | E88: N/m2
A89: =IF('Configuration Selection'!$B$10="propeller","W_TO/P_TO","T_TO/W_TO") -> T_TO/W_TO | D89: 0.29 | E89: =IF('Configuration Selection'!$B$10="propeller","[N/W]","[N/N]") -> [N/N] | AJ89: A
A90: Copy the constraint diagram from Excel to a program of your choice (paint, powerpoint, etc.) and indicate the feasible design space. Save this as a separate image with the name <studentID>_matchingDiagram.jpg
A91: Compute: | E91: Unit
A92: Sw | D92: ='Mass Estimation'!B15*9.81/D88 -> 76.068603 | E92: m2
A93: bw | D93: =SQRT(D92*'Drag Polar'!D6) -> 25.945618 | E93: m | AF93: cruise speed
A94: =IF('Configuration Selection'!$B$10="propeller","P_TO","T_TO") -> T_TO | D94: ='Mass Estimation'!B15*9.81*D89/1000 -> 118.46164 | E94: =IF('Configuration Selection'!$B$10="propeller","kW","kN") -> kN | AG94: cruise mach | AH94: T cruise | AI94: p cruise | AJ94: pt | AK94: Tt | AL94: p ratio | AM94: T ratio | AN94: alpha t
A95: Specify for your reference aircraft their take-off power or thrust loading. | AG95: 0.77 | AH95: 223.15 | AI95: =26200 -> 26200 | AQ95: =0.05*(1+0.1*((1.225*342)/('Propultion System 2'!D23))+((3*'Propultion System 2'!D18)/('Propultion System 2'!D18+1))) -> 0.1883169
A96: In your design log book, reflect on the chosen design point in relation to your reference aircraft in terms of your aircraft performance/requirements/design choices. | AJ96: =AI95*POWER(1+0.2*POWER(AG95,2),3.5) -> 38782.515 | AK96: =AH95*(1+(0.4/2)*POWER(AG95,2)) -> 249.61113 | AL96: =AJ96/101325 -> 0.38275366 | AM96: =AK96/288.15 -> 0.86625413 | AN96: =AL96*(1-(0.43+0.014*'Drag Polar'!D31)*SQRT(AG95)) -> 0.21482117 | AP96: =((2*D88)/(1.4*AI95*AG95^2)) -> 0.49384823
A97: Thrust/Power loading upper bound (for plotting): | B97: 1 | BS97: =0.3345*1.225 -> 0.4097625 | BU97: =((BU100)/(101325))*(1-(0.43+0.014*'Drag Polar'!$D$31)*SQRT(0.77)) -> 0.21768759
B98: Wing loading | C98: Minimum speed | D98: Landing field length | E98: Cruise Speed | F98: Climb rate | G98: Climb gradient CS25.119 | H98: Climb gradient CS25.121a | I98: Climb gradient CS25.121b | J98: Climb gradient CS25.121c | K98: Climb gradient CS25.121d | L98: Take-off field length | AI98: Speed climb gradient | AJ98: Mach speed | AK98: pt | AL98: Lapse | AO98: Speed climb climb gradient | AP98: Mach speed | AQ98: pt | AR98: Lapse | AU98: Speed climb climb gradient | AV98: Mach speed | AW98: pt | AX98: Lapse | BA98: Speed climb climb gradient | BB98: Mach speed | BC98: pt | BD98: Lapse | BG98: Speed climb climb gradient | BH98: Mach speed | BI98: pt | BJ98: Lapse | BM98: Speed climb climb gradient | BN98: Mach speed | BO98: pt | BP98: Lapse | BS98: Speed cruse | BT98: Mach speed | BU98: pt | BV98: Lapse
B99: W/S - [N/m2] | C99: W/S - [N/m2] | D99: W/S - [N/m2] | E99: =IF('Configuration Selection'!$B$10="propeller","W/P - [N/W]","T/W - [N/N]") -> T/W - [N/N] | F99: =IF('Configuration Selection'!$B$10="propeller","W/P - [N/W]","T/W - [N/N]") -> T/W - [N/N] | G99: =IF('Configuration Selection'!$B$10="propeller","W/P - [N/W]","T/W - [N/N]") -> T/W - [N/N] | H99: =IF('Configuration Selection'!$B$10="propeller","W/P - [N/W]","T/W - [N/N]") -> T/W - [N/N] | I99: =IF('Configuration Selection'!$B$10="propeller","W/P - [N/W]","T/W - [N/N]") -> T/W - [N/N] | J99: =IF('Configuration Selection'!$B$10="propeller","W/P - [N/W]","T/W - [N/N]") -> T/W - [N/N] | K99: =IF('Configuration Selection'!$B$10="propeller","W/P - [N/W]","T/W - [N/N]") -> T/W - [N/N] | L99: =IF('Configuration Selection'!$B$10="propeller","W/P - [N/W]","T/W - [N/N]") -> T/W - [N/N] | AI99: m/s | AJ99: - | AK99: - | AO99: m/s | AP99: - | AQ99: - | AU99: m/s | AV99: - | AW99: - | BA99: m/s | BB99: - | BC99: - | BG99: m/s | BH99: - | BI99: - | BM99: m/s | BN99: - | BO99: - | BS99: m/s | BT99: - | BU99: -
B100: 0 | C100: =(1.225*$D$21^2*$D$16)/($D$24*2*1.23^2) -> 5379.4076 | D100: =($D$30*$D$34*$D$16)/(2*$D$24*0.45) -> 5788.6335 | AI100: =SQRT((B100*2)/($D$55*$D$54)) -> 0 | AJ100: =AI100/SQRT(($D$52*1.4*8.3145)/(0.0289645)) -> 0 | AK100: =$D$53*(1+0.5*(1.4-1)*AJ100^2)^3.5 -> 39300 | AL100: =((AK100)/(101325))*(1-(0.43+0.014*'Drag Polar'!$D$31)*SQRT(AJ100)) -> 0.38786084 | AO100: =SQRT((B100*2)/($D$67*$D$68)) -> 0 | AP100: =AO100/SQRT(($D$66*1.4*8.3145)/(0.0289645)) -> 0 | AQ100: =101325*(1+0.5*(1.4-1)*AP100^2)^3.5 -> 101325 | AR100: =((AQ100)/(101325))*(1-(0.43+0.014*'Drag Polar'!$D$31)*SQRT(AP100)) -> 1 | AU100: =SQRT((B100*2)/($E$67*$E$68)) -> 0 | AV100: =AU100/SQRT(($D$66*1.4*8.3145)/(0.0289645)) -> 0 | AW100: =101325*(1+0.5*(1.4-1)*AV100^2)^3.5 -> 101325 | AX100: =((AW100)/(101325))*(1-(0.43+0.014*'Drag Polar'!$D$31)*SQRT(AV100)) -> 1 | BA100: =SQRT((B100*2)/($F$67*$F$68)) -> 0 | BB100: =BA100/SQRT(($D$66*1.4*8.3145)/(0.0289645)) -> 0 | BC100: =101325*(1+0.5*(1.4-1)*BB100^2)^3.5 -> 101325 | BD100: =((BC100)/(101325))*(1-(0.43+0.014*'Drag Polar'!$D$31)*SQRT(BB100)) -> 1 | BG100: =SQRT((B100*2)/($G$67*$G$68)) -> 0 | BH100: =BG100/SQRT(($D$66*1.4*8.3145)/(0.0289645)) -> 0 | BI100: =101325*(1+0.5*(1.4-1)*BH100^2)^3.5 -> 101325 | BJ100: =((BI100)/(101325))*(1-(0.43+0.014*'Drag Polar'!$D$31)*SQRT(BH100)) -> 1 | BM100: =SQRT((B100*2)/($H$67*$H$68)) -> 0 | BN100: =BM100/SQRT(($D$66*1.4*8.3145)/(0.0289645)) -> 0 | BO100: =101325*(1+0.5*(1.4-1)*BN100^2)^3.5 -> 101325 | BP100: =((BO100)/(101325))*(1-(0.43+0.014*'Drag Polar'!$D$31)*SQRT(BN100)) -> 1 | BS100: =SQRT((B100*2)/($D$55*$D$54)) -> 0 | BT100: =BS100/SQRT(($D$52*1.4*8.3145)/(0.0289645)) -> 0 | BU100: =$D$53*(1+0.5*(1.4-1)*BT100^2)^3.5 -> 39300 | BV100: =((BU100)/(101325))*(1-(0.43+0.014*'Drag Polar'!$D$31)*SQRT(BT100)) -> 0.38786084
B101: 100 | C101: =(1.225*$D$21^2*$D$16)/($D$24*2*1.23^2) -> 5379.4076 | D101: =($D$30*$D$34*$D$16)/(2*$D$24*0.45) -> 5788.6335 | F101: =((TLAR!$B$21/AL101))*(SQRT(($D$47^2*(1.225*0.3345)*SQRT(Sheet1!$C$9))/((TLAR!$B$21*B101*2)))+2*SQRT(Sheet1!$C$10)) -> 0.68939748 | G101: =((TLAR!$B$40)/(TLAR!$B$40-0))*(TLAR!$F$6/AR101)*((TLAR!$F$11*0.01)+2*SQRT(($D$64)/(PI()*'Drag Polar'!$D$6*$D$65))) -> 0.16130957 | H101: =((TLAR!$B$40)/(TLAR!$B$40-1))*(TLAR!$F$14/AX101)*((TLAR!$F$19*0.01)+2*SQRT(($E$64)/(PI()*'Drag Polar'!$D$6*$E$65))) -> 0.22703065 | I101: =((TLAR!$B$40)/(TLAR!$B$40-1))*(TLAR!$F$21/BD101)*((TLAR!$F$26*0.01)+2*SQRT(($F$64)/(PI()*'Drag Polar'!$D$6*$F$65))) -> 0.24290883 | J101: =((TLAR!$B$40)/(TLAR!$B$40-1))*(TLAR!$F$28/BJ101)*((TLAR!$F$33*0.01)+2*SQRT(($G$64)/(PI()*'Drag Polar'!$D$6*$G$65))) -> 0.16183567 | K101: =((TLAR!$B$40)/(TLAR!$B$40-1))*(TLAR!$F$35/BP101)*((TLAR!$F$40*0.01)+2*SQRT(($H$64)/(PI()*'Drag Polar'!$D$6*$H$65))) -> 0.20248258 | L101: =1.15*SQRT(((TLAR!$B$40)/(TLAR!$B$40-1))*((B101)/($D$73*0.85*1.225*9.81*PI()*'Drag Polar'!$E$42*'Drag Polar'!$D$6)))+((TLAR!$B$40)/(TLAR!$B$40-1))*((4*11)/($D$73)) -> 0.052499373 | AI101: =SQRT((B101*2)/($D$55*$D$54)) -> 22.45266 | AJ101: =AI101/SQRT(($D$52*1.4*8.3145)/(0.0289645)) -> 0.072288279 | AK101: =$D$53*(1+0.5*(1.4-1)*AJ101^2)^3.5 -> 39443.944 | AL101: =((AK101)/(101325))*(1-(0.43+0.014*'Drag Polar'!$D$31)*SQRT(AJ101)) -> 0.33694942 | AO101: =SQRT((B101*2)/($D$67*$D$68)) -> 8.4756554 | AP101: =AO101/SQRT(($D$66*1.4*8.3145)/(0.0289645)) -> 0.024906627 | AQ101: =101325*(1+0.5*(1.4-1)*AP101^2)^3.5 -> 101369.01 | AR101: =((AQ101)/(101325))*(1-(0.43+0.014*'Drag Polar'!$D$31)*SQRT(AP101)) -> 0.92149087 | AU101: =SQRT((B101*2)/($E$67*$E$68)) -> 9.4760708 | AV101: =AU101/SQRT(($D$66*1.4*8.3145)/(0.0289645)) -> 0.027846455 | AW101: =101325*(1+0.5*(1.4-1)*AV101^2)^3.5 -> 101380.01 | AX101: =((AW101)/(101325))*(1-(0.43+0.014*'Drag Polar'!$D$31)*SQRT(AV101)) -> 0.91706132 | BA101: =SQRT((B101*2)/($E$67*$E$68)) -> 9.4760708 | BB101: =BA101/SQRT(($D$66*1.4*8.3145)/(0.0289645)) -> 0.027846455 | BC101: =101325*(1+0.5*(1.4-1)*BB101^2)^3.5 -> 101380.01 | BD101: =((BC101)/(101325))*(1-(0.43+0.014*'Drag Polar'!$D$31)*SQRT(BB101)) -> 0.91706132 | BG101: =SQRT((B101*2)/($E$67*$E$68)) -> 9.4760708 | BH101: =BG101/SQRT(($D$66*1.4*8.3145)/(0.0289645)) -> 0.027846455 | BI101: =101325*(1+0.5*(1.4-1)*BH101^2)^3.5 -> 101380.01 | BJ101: =((BI101)/(101325))*(1-(0.43+0.014*'Drag Polar'!$D$31)*SQRT(BH101)) -> 0.91706132 | BM101: =SQRT((B101*2)/($H$67*$H$68)) -> 8.4756554 | BN101: =BM101/SQRT(($D$66*1.4*8.3145)/(0.0289645)) -> 0.024906627 | BO101: =101325*(1+0.5*(1.4-1)*BN101^2)^3.5 -> 101369.01 | BP101: =((BO101)/(101325))*(1-(0.43+0.014*'Drag Polar'!$D$31)*SQRT(BN101)) -> 0.92149087 | BS101: =SQRT((B101*2)/($D$55*$D$54)) -> 22.45266 | BT101: =BS101/SQRT(($D$52*1.4*8.3145)/(0.0289645)) -> 0.072288279 | BU101: =$D$53*(1+0.5*(1.4-1)*BT101^2)^3.5 -> 39443.944 | BV101: =((BU101)/(101325))*(1-(0.43+0.014*'Drag Polar'!$D$31)*SQRT(BT101)) -> 0.33694942
B102: 200 | C102: =(1.225*$D$21^2*$D$16)/($D$24*2*1.23^2) -> 5379.4076 | D102: =($D$30*$D$34*$D$16)/(2*$D$24*0.45) -> 5788.6335 | F102: =((TLAR!$B$21/AL102))*(SQRT(($D$47^2*(1.225*0.3345)*SQRT(Sheet1!$C$9))/((TLAR!$B$21*B102*2)))+2*SQRT(Sheet1!$C$10)) -> 0.55313717 | G102: =((TLAR!$B$40)/(TLAR!$B$40-0))*(TLAR!$F$6/AR102)*((TLAR!$F$11*0.01)+2*SQRT(($D$64)/(PI()*'Drag Polar'!$D$6*$D$65))) -> 0.16389618 | H102: =((TLAR!$B$40)/(TLAR!$B$40-1))*(TLAR!$F$14/AX102)*((TLAR!$F$19*0.01)+2*SQRT(($E$64)/(PI()*'Drag Polar'!$D$6*$E$65))) -> 0.23088419 | I102: =((TLAR!$B$40)/(TLAR!$B$40-1))*(TLAR!$F$21/BD102)*((TLAR!$F$26*0.01)+2*SQRT(($F$64)/(PI()*'Drag Polar'!$D$6*$F$65))) -> 0.24703188 | J102: =((TLAR!$B$40)/(TLAR!$B$40-1))*(TLAR!$F$28/BJ102)*((TLAR!$F$33*0.01)+2*SQRT(($G$64)/(PI()*'Drag Polar'!$D$6*$G$65))) -> 0.16458261 | K102: =((TLAR!$B$40)/(TLAR!$B$40-1))*(TLAR!$F$35/BP102)*((TLAR!$F$40*0.01)+2*SQRT(($H$64)/(PI()*'Drag Polar'!$D$6*$H$65))) -> 0.20572941 | L102: =1.15*SQRT(((TLAR!$B$40)/(TLAR!$B$40-1))*((B102)/($D$73*0.85*1.225*9.81*PI()*'Drag Polar'!$E$42*'Drag Polar'!$D$6)))+((TLAR!$B$40)/(TLAR!$B$40-1))*((4*11)/($D$73)) -> 0.060644283 | AI102: =SQRT((B102*2)/($D$55*$D$54)) -> 31.752857 | AJ102: =AI102/SQRT(($D$52*1.4*8.3145)/(0.0289645)) -> 0.10223106 | AK102: =$D$53*(1+0.5*(1.4-1)*AJ102^2)^3.5 -> 39588.264 | AL102: =((AK102)/(101325))*(1-(0.43+0.014*'Drag Polar'!$D$31)*SQRT(AJ102)) -> 0.32824445 | AO102: =SQRT((B102*2)/($D$67*$D$68)) -> 11.986387 | AP102: =AO102/SQRT(($D$66*1.4*8.3145)/(0.0289645)) -> 0.035223289 | AQ102: =101325*(1+0.5*(1.4-1)*AP102^2)^3.5 -> 101413.03 | AR102: =((AQ102)/(101325))*(1-(0.43+0.014*'Drag Polar'!$D$31)*SQRT(AP102)) -> 0.90694788 | AU102: =SQRT((B102*2)/($E$67*$E$68)) -> 13.401188 | AV102: =AU102/SQRT(($D$66*1.4*8.3145)/(0.0289645)) -> 0.039380835 | AW102: =101325*(1+0.5*(1.4-1)*AV102^2)^3.5 -> 101435.04 | AX102: =((AW102)/(101325))*(1-(0.43+0.014*'Drag Polar'!$D$31)*SQRT(AV102)) -> 0.90175523 | BA102: =SQRT((B102*2)/($E$67*$E$68)) -> 13.401188 | BB102: =BA102/SQRT(($D$66*1.4*8.3145)/(0.0289645)) -> 0.039380835 | BC102: =101325*(1+0.5*(1.4-1)*BB102^2)^3.5 -> 101435.04 | BD102: =((BC102)/(101325))*(1-(0.43+0.014*'Drag Polar'!$D$31)*SQRT(BB102)) -> 0.90175523 | BG102: =SQRT((B102*2)/($E$67*$E$68)) -> 13.401188 | BH102: =BG102/SQRT(($D$66*1.4*8.3145)/(0.0289645)) -> 0.039380835 | BI102: =101325*(1+0.5*(1.4-1)*BH102^2)^3.5 -> 101435.04 | BJ102: =((BI102)/(101325))*(1-(0.43+0.014*'Drag Polar'!$D$31)*SQRT(BH102)) -> 0.90175523 | BM102: =SQRT((B102*2)/($H$67*$H$68)) -> 11.986387 | BN102: =BM102/SQRT(($D$66*1.4*8.3145)/(0.0289645)) -> 0.035223289 | BO102: =101325*(1+0.5*(1.4-1)*BN102^2)^3.5 -> 101413.03 | BP102: =((BO102)/(101325))*(1-(0.43+0.014*'Drag Polar'!$D$31)*SQRT(BN102)) -> 0.90694788 | BS102: =SQRT((B102*2)/($D$55*$D$54)) -> 31.752857 | BT102: =BS102/SQRT(($D$52*1.4*8.3145)/(0.0289645)) -> 0.10223106 | BU102: =$D$53*(1+0.5*(1.4-1)*BT102^2)^3.5 -> 39588.264 | BV102: =((BU102)/(101325))*(1-(0.43+0.014*'Drag Polar'!$D$31)*SQRT(BT102)) -> 0.32824445
B103: 300 | C103: =(1.225*$D$21^2*$D$16)/($D$24*2*1.23^2) -> 5379.4076 | D103: =($D$30*$D$34*$D$16)/(2*$D$24*0.45) -> 5788.6335 | F103: =((TLAR!$B$21/AL103))*(SQRT(($D$47^2*(1.225*0.3345)*SQRT(Sheet1!$C$9))/((TLAR!$B$21*B103*2)))+2*SQRT(Sheet1!$C$10)) -> 0.49291338 | G103: =((TLAR!$B$40)/(TLAR!$B$40-0))*(TLAR!$F$6/AR103)*((TLAR!$F$11*0.01)+2*SQRT(($D$64)/(PI()*'Drag Polar'!$D$6*$D$65))) -> 0.16565515 | H103: =((TLAR!$B$40)/(TLAR!$B$40-1))*(TLAR!$F$14/AX103)*((TLAR!$F$19*0.01)+2*SQRT(($E$64)/(PI()*'Drag Polar'!$D$6*$E$65))) -> 0.23350292 | I103: =((TLAR!$B$40)/(TLAR!$B$40-1))*(TLAR!$F$21/BD103)*((TLAR!$F$26*0.01)+2*SQRT(($F$64)/(PI()*'Drag Polar'!$D$6*$F$65))) -> 0.24983375 | J103: =((TLAR!$B$40)/(TLAR!$B$40-1))*(TLAR!$F$28/BJ103)*((TLAR!$F$33*0.01)+2*SQRT(($G$64)/(PI()*'Drag Polar'!$D$6*$G$65))) -> 0.16644933 | K103: =((TLAR!$B$40)/(TLAR!$B$40-1))*(TLAR!$F$35/BP103)*((TLAR!$F$40*0.01)+2*SQRT(($H$64)/(PI()*'Drag Polar'!$D$6*$H$65))) -> 0.20793734 | L103: =1.15*SQRT(((TLAR!$B$40)/(TLAR!$B$40-1))*((B103)/($D$73*0.85*1.225*9.81*PI()*'Drag Polar'!$E$42*'Drag Polar'!$D$6)))+((TLAR!$B$40)/(TLAR!$B$40-1))*((4*11)/($D$73)) -> 0.066894093 | AI103: =SQRT((B103*2)/($D$55*$D$54)) -> 38.889149 | AJ103: =AI103/SQRT(($D$52*1.4*8.3145)/(0.0289645)) -> 0.12520697 | AK103: =$D$53*(1+0.5*(1.4-1)*AJ103^2)^3.5 -> 39732.961 | AL103: =((AK103)/(101325))*(1-(0.43+0.014*'Drag Polar'!$D$31)*SQRT(AJ103)) -> 0.32275635 | AO103: =SQRT((B103*2)/($D$67*$D$68)) -> 14.680266 | AP103: =AO103/SQRT(($D$66*1.4*8.3145)/(0.0289645)) -> 0.043139543 | AQ103: =101325*(1+0.5*(1.4-1)*AP103^2)^3.5 -> 101457.06 | AR103: =((AQ103)/(101325))*(1-(0.43+0.014*'Drag Polar'!$D$31)*SQRT(AP103)) -> 0.89731767 | AU103: =SQRT((B103*2)/($E$67*$E$68)) -> 16.413036 | AV103: =AU103/SQRT(($D$66*1.4*8.3145)/(0.0289645)) -> 0.048231475 | AW103: =101325*(1+0.5*(1.4-1)*AV103^2)^3.5 -> 101490.09 | AX103: =((AW103)/(101325))*(1-(0.43+0.014*'Drag Polar'!$D$31)*SQRT(AV103)) -> 0.8916421 | BA103: =SQRT((B103*2)/($E$67*$E$68)) -> 16.413036 | BB103: =BA103/SQRT(($D$66*1.4*8.3145)/(0.0289645)) -> 0.048231475 | BC103: =101325*(1+0.5*(1.4-1)*BB103^2)^3.5 -> 101490.09 | BD103: =((BC103)/(101325))*(1-(0.43+0.014*'Drag Polar'!$D$31)*SQRT(BB103)) -> 0.8916421 | BG103: =SQRT((B103*2)/($E$67*$E$68)) -> 16.413036 | BH103: =BG103/SQRT(($D$66*1.4*8.3145)/(0.0289645)) -> 0.048231475 | BI103: =101325*(1+0.5*(1.4-1)*BH103^2)^3.5 -> 101490.09 | BJ103: =((BI103)/(101325))*(1-(0.43+0.014*'Drag Polar'!$D$31)*SQRT(BH103)) -> 0.8916421 | BM103: =SQRT((B103*2)/($H$67*$H$68)) -> 14.680266 | BN103: =BM103/SQRT(($D$66*1.4*8.3145)/(0.0289645)) -> 0.043139543 | BO103: =101325*(1+0.5*(1.4-1)*BN103^2)^3.5 -> 101457.06 | BP103: =((BO103)/(101325))*(1-(0.43+0.014*'Drag Polar'!$D$31)*SQRT(BN103)) -> 0.89731767 | BS103: =SQRT((B103*2)/($D$55*$D$54)) -> 38.889149 | BT103: =BS103/SQRT(($D$52*1.4*8.3145)/(0.0289645)) -> 0.12520697 | BU103: =$D$53*(1+0.5*(1.4-1)*BT103^2)^3.5 -> 39732.961 | BV103: =((BU103)/(101325))*(1-(0.43+0.014*'Drag Polar'!$D$31)*SQRT(BT103)) -> 0.32275635
B104: 400 | C104: =(1.225*$D$21^2*$D$16)/($D$24*2*1.23^2) -> 5379.4076 | D104: =($D$30*$D$34*$D$16)/(2*$D$24*0.45) -> 5788.6335 | F104: =((TLAR!$B$21/AL104))*(SQRT(($D$47^2*(1.225*0.3345)*SQRT(Sheet1!$C$9))/((TLAR!$B$21*B104*2)))+2*SQRT(Sheet1!$C$10)) -> 0.45709062 | G104: =((TLAR!$B$40)/(TLAR!$B$40-0))*(TLAR!$F$6/AR104)*((TLAR!$F$11*0.01)+2*SQRT(($D$64)/(PI()*'Drag Polar'!$D$6*$D$65))) -> 0.16702663 | H104: =((TLAR!$B$40)/(TLAR!$B$40-1))*(TLAR!$F$14/AX104)*((TLAR!$F$19*0.01)+2*SQRT(($E$64)/(PI()*'Drag Polar'!$D$6*$E$65))) -> 0.23554291 | I104: =((TLAR!$B$40)/(TLAR!$B$40-1))*(TLAR!$F$21/BD104)*((TLAR!$F$26*0.01)+2*SQRT(($F$64)/(PI()*'Drag Polar'!$D$6*$F$65))) -> 0.25201642 | J104: =((TLAR!$B$40)/(TLAR!$B$40-1))*(TLAR!$F$28/BJ104)*((TLAR!$F$33*0.01)+2*SQRT(($G$64)/(PI()*'Drag Polar'!$D$6*$G$65))) -> 0.16790351 | K104: =((TLAR!$B$40)/(TLAR!$B$40-1))*(TLAR!$F$35/BP104)*((TLAR!$F$40*0.01)+2*SQRT(($H$64)/(PI()*'Drag Polar'!$D$6*$H$65))) -> 0.20965888 | L104: =1.15*SQRT(((TLAR!$B$40)/(TLAR!$B$40-1))*((B104)/($D$73*0.85*1.225*9.81*PI()*'Drag Polar'!$E$42*'Drag Polar'!$D$6)))+((TLAR!$B$40)/(TLAR!$B$40-1))*((4*11)/($D$73)) -> 0.072162926 | AI104: =SQRT((B104*2)/($D$55*$D$54)) -> 44.905321 | AJ104: =AI104/SQRT(($D$52*1.4*8.3145)/(0.0289645)) -> 0.14457656 | AK104: =$D$53*(1+0.5*(1.4-1)*AJ104^2)^3.5 -> 39878.036 | AL104: =((AK104)/(101325))*(1-(0.43+0.014*'Drag Polar'!$D$31)*SQRT(AJ104)) -> 0.31874244 | AO104: =SQRT((B104*2)/($D$67*$D$68)) -> 16.951311 | AP104: =AO104/SQRT(($D$66*1.4*8.3145)/(0.0289645)) -> 0.049813253 | AQ104: =101325*(1+0.5*(1.4-1)*AP104^2)^3.5 -> 101501.11 | AR104: =((AQ104)/(101325))*(1-(0.43+0.014*'Drag Polar'!$D$31)*SQRT(AP104)) -> 0.88994966 | AU104: =SQRT((B104*2)/($E$67*$E$68)) -> 18.952142 | AV104: =AU104/SQRT(($D$66*1.4*8.3145)/(0.0289645)) -> 0.05569291 | AW104: =101325*(1+0.5*(1.4-1)*AV104^2)^3.5 -> 101545.17 | AX104: =((AW104)/(101325))*(1-(0.43+0.014*'Drag Polar'!$D$31)*SQRT(AV104)) -> 0.88391976 | BA104: =SQRT((B104*2)/($E$67*$E$68)) -> 18.952142 | BB104: =BA104/SQRT(($D$66*1.4*8.3145)/(0.0289645)) -> 0.05569291 | BC104: =101325*(1+0.5*(1.4-1)*BB104^2)^3.5 -> 101545.17 | BD104: =((BC104)/(101325))*(1-(0.43+0.014*'Drag Polar'!$D$31)*SQRT(BB104)) -> 0.88391976 | BG104: =SQRT((B104*2)/($E$67*$E$68)) -> 18.952142 | BH104: =BG104/SQRT(($D$66*1.4*8.3145)/(0.0289645)) -> 0.05569291 | BI104: =101325*(1+0.5*(1.4-1)*BH104^2)^3.5 -> 101545.17 | BJ104: =((BI104)/(101325))*(1-(0.43+0.014*'Drag Polar'!$D$31)*SQRT(BH104)) -> 0.88391976 | BM104: =SQRT((B104*2)/($H$67*$H$68)) -> 16.951311 | BN104: =BM104/SQRT(($D$66*1.4*8.3145)/(0.0289645)) -> 0.049813253 | BO104: =101325*(1+0.5*(1.4-1)*BN104^2)^3.5 -> 101501.11 | BP104: =((BO104)/(101325))*(1-(0.43+0.014*'Drag Polar'!$D$31)*SQRT(BN104)) -> 0.88994966 | BS104: =SQRT((B104*2)/($D$55*$D$54)) -> 44.905321 | BT104: =BS104/SQRT(($D$52*1.4*8.3145)/(0.0289645)) -> 0.14457656 | BU104: =$D$53*(1+0.5*(1.4-1)*BT104^2)^3.5 -> 39878.036 | BV104: =((BU104)/(101325))*(1-(0.43+0.014*'Drag Polar'!$D$31)*SQRT(BT104)) -> 0.31874244
B105: 500 | C105: =(1.225*$D$21^2*$D$16)/($D$24*2*1.23^2) -> 5379.4076 | D105: =($D$30*$D$34*$D$16)/(2*$D$24*0.45) -> 5788.6335 | F105: =((TLAR!$B$21/AL105))*(SQRT(($D$47^2*(1.225*0.3345)*SQRT(Sheet1!$C$9))/((TLAR!$B$21*B105*2)))+2*SQRT(Sheet1!$C$10)) -> 0.43267819 | G105: =((TLAR!$B$40)/(TLAR!$B$40-0))*(TLAR!$F$6/AR105)*((TLAR!$F$11*0.01)+2*SQRT(($D$64)/(PI()*'Drag Polar'!$D$6*$D$65))) -> 0.16816605 | H105: =((TLAR!$B$40)/(TLAR!$B$40-1))*(TLAR!$F$14/AX105)*((TLAR!$F$19*0.01)+2*SQRT(($E$64)/(PI()*'Drag Polar'!$D$6*$E$65))) -> 0.23723603 | I105: =((TLAR!$B$40)/(TLAR!$B$40-1))*(TLAR!$F$21/BD105)*((TLAR!$F$26*0.01)+2*SQRT(($F$64)/(PI()*'Drag Polar'!$D$6*$F$65))) -> 0.25382796 | J105: =((TLAR!$B$40)/(TLAR!$B$40-1))*(TLAR!$F$28/BJ105)*((TLAR!$F$33*0.01)+2*SQRT(($G$64)/(PI()*'Drag Polar'!$D$6*$G$65))) -> 0.16911043 | K105: =((TLAR!$B$40)/(TLAR!$B$40-1))*(TLAR!$F$35/BP105)*((TLAR!$F$40*0.01)+2*SQRT(($H$64)/(PI()*'Drag Polar'!$D$6*$H$65))) -> 0.21108913 | L105: =1.15*SQRT(((TLAR!$B$40)/(TLAR!$B$40-1))*((B105)/($D$73*0.85*1.225*9.81*PI()*'Drag Polar'!$E$42*'Drag Polar'!$D$6)))+((TLAR!$B$40)/(TLAR!$B$40-1))*((4*11)/($D$73)) -> 0.076804861 | AI105: =SQRT((B105*2)/($D$55*$D$54)) -> 50.205675 | AJ105: =AI105/SQRT(($D$52*1.4*8.3145)/(0.0289645)) -> 0.16164151 | AK105: =$D$53*(1+0.5*(1.4-1)*AJ105^2)^3.5 -> 40023.488 | AL105: =((AK105)/(101325))*(1-(0.43+0.014*'Drag Polar'!$D$31)*SQRT(AJ105)) -> 0.31559668 | AO105: =SQRT((B105*2)/($D$67*$D$68)) -> 18.952142 | AP105: =AO105/SQRT(($D$66*1.4*8.3145)/(0.0289645)) -> 0.05569291 | AQ105: =101325*(1+0.5*(1.4-1)*AP105^2)^3.5 -> 101545.17 | AR105: =((AQ105)/(101325))*(1-(0.43+0.014*'Drag Polar'!$D$31)*SQRT(AP105)) -> 0.88391976 | AU105: =SQRT((B105*2)/($E$67*$E$68)) -> 21.189139 | AV105: =AU105/SQRT(($D$66*1.4*8.3145)/(0.0289645)) -> 0.062266567 | AW105: =101325*(1+0.5*(1.4-1)*AV105^2)^3.5 -> 101600.26 | AX105: =((AW105)/(101325))*(1-(0.43+0.014*'Drag Polar'!$D$31)*SQRT(AV105)) -> 0.87761133 | BA105: =SQRT((B105*2)/($E$67*$E$68)) -> 21.189139 | BB105: =BA105/SQRT(($D$66*1.4*8.3145)/(0.0289645)) -> 0.062266567 | BC105: =101325*(1+0.5*(1.4-1)*BB105^2)^3.5 -> 101600.26 | BD105: =((BC105)/(101325))*(1-(0.43+0.014*'Drag Polar'!$D$31)*SQRT(BB105)) -> 0.87761133 | BG105: =SQRT((B105*2)/($E$67*$E$68)) -> 21.189139 | BH105: =BG105/SQRT(($D$66*1.4*8.3145)/(0.0289645)) -> 0.062266567 | BI105: =101325*(1+0.5*(1.4-1)*BH105^2)^3.5 -> 101600.26 | BJ105: =((BI105)/(101325))*(1-(0.43+0.014*'Drag Polar'!$D$31)*SQRT(BH105)) -> 0.87761133 | BM105: =SQRT((B105*2)/($H$67*$H$68)) -> 18.952142 | BN105: =BM105/SQRT(($D$66*1.4*8.3145)/(0.0289645)) -> 0.05569291 | BO105: =101325*(1+0.5*(1.4-1)*BN105^2)^3.5 -> 101545.17 | BP105: =((BO105)/(101325))*(1-(0.43+0.014*'Drag Polar'!$D$31)*SQRT(BN105)) -> 0.88391976 | BS105: =SQRT((B105*2)/($D$55*$D$54)) -> 50.205675 | BT105: =BS105/SQRT(($D$52*1.4*8.3145)/(0.0289645)) -> 0.16164151 | BU105: =$D$53*(1+0.5*(1.4-1)*BT105^2)^3.5 -> 40023.488 | BV105: =((BU105)/(101325))*(1-(0.43+0.014*'Drag Polar'!$D$31)*SQRT(BT105)) -> 0.31559668
B106: 600 | C106: =(1.225*$D$21^2*$D$16)/($D$24*2*1.23^2) -> 5379.4076 | D106: =($D$30*$D$34*$D$16)/(2*$D$24*0.45) -> 5788.6335 | F106: =((TLAR!$B$21/AL106))*(SQRT(($D$47^2*(1.225*0.3345)*SQRT(Sheet1!$C$9))/((TLAR!$B$21*B106*2)))+2*SQRT(Sheet1!$C$10)) -> 0.41466679 | G106: =((TLAR!$B$40)/(TLAR!$B$40-0))*(TLAR!$F$6/AR106)*((TLAR!$F$11*0.01)+2*SQRT(($D$64)/(PI()*'Drag Polar'!$D$6*$D$65))) -> 0.1691484 | H106: =((TLAR!$B$40)/(TLAR!$B$40-1))*(TLAR!$F$14/AX106)*((TLAR!$F$19*0.01)+2*SQRT(($E$64)/(PI()*'Drag Polar'!$D$6*$E$65))) -> 0.23869423 | I106: =((TLAR!$B$40)/(TLAR!$B$40-1))*(TLAR!$F$21/BD106)*((TLAR!$F$26*0.01)+2*SQRT(($F$64)/(PI()*'Drag Polar'!$D$6*$F$65))) -> 0.25538814 | J106: =((TLAR!$B$40)/(TLAR!$B$40-1))*(TLAR!$F$28/BJ106)*((TLAR!$F$33*0.01)+2*SQRT(($G$64)/(PI()*'Drag Polar'!$D$6*$G$65))) -> 0.17014989 | K106: =((TLAR!$B$40)/(TLAR!$B$40-1))*(TLAR!$F$35/BP106)*((TLAR!$F$40*0.01)+2*SQRT(($H$64)/(PI()*'Drag Polar'!$D$6*$H$65))) -> 0.21232222 | L106: =1.15*SQRT(((TLAR!$B$40)/(TLAR!$B$40-1))*((B106)/($D$73*0.85*1.225*9.81*PI()*'Drag Polar'!$E$42*'Drag Polar'!$D$6)))+((TLAR!$B$40)/(TLAR!$B$40-1))*((4*11)/($D$73)) -> 0.081001491 | AI106: =SQRT((B106*2)/($D$55*$D$54)) -> 54.997562 | AJ106: =AI106/SQRT(($D$52*1.4*8.3145)/(0.0289645)) -> 0.1770694 | AK106: =$D$53*(1+0.5*(1.4-1)*AJ106^2)^3.5 -> 40169.319 | AL106: =((AK106)/(101325))*(1-(0.43+0.014*'Drag Polar'!$D$31)*SQRT(AJ106)) -> 0.31303007 | AO106: =SQRT((B106*2)/($D$67*$D$68)) -> 20.761031 | AP106: =AO106/SQRT(($D$66*1.4*8.3145)/(0.0289645)) -> 0.061008527 | AQ106: =101325*(1+0.5*(1.4-1)*AP106^2)^3.5 -> 101589.24 | AR106: =((AQ106)/(101325))*(1-(0.43+0.014*'Drag Polar'!$D$31)*SQRT(AP106)) -> 0.87878626 | AU106: =SQRT((B106*2)/($E$67*$E$68)) -> 23.211538 | AV106: =AU106/SQRT(($D$66*1.4*8.3145)/(0.0289645)) -> 0.068209606 | AW106: =101325*(1+0.5*(1.4-1)*AV106^2)^3.5 -> 101655.38 | AX106: =((AW106)/(101325))*(1-(0.43+0.014*'Drag Polar'!$D$31)*SQRT(AV106)) -> 0.87224995 | BA106: =SQRT((B106*2)/($E$67*$E$68)) -> 23.211538 | BB106: =BA106/SQRT(($D$66*1.4*8.3145)/(0.0289645)) -> 0.068209606 | BC106: =101325*(1+0.5*(1.4-1)*BB106^2)^3.5 -> 101655.38 | BD106: =((BC106)/(101325))*(1-(0.43+0.014*'Drag Polar'!$D$31)*SQRT(BB106)) -> 0.87224995 | BG106: =SQRT((B106*2)/($E$67*$E$68)) -> 23.211538 | BH106: =BG106/SQRT(($D$66*1.4*8.3145)/(0.0289645)) -> 0.068209606 | BI106: =101325*(1+0.5*(1.4-1)*BH106^2)^3.5 -> 101655.38 | BJ106: =((BI106)/(101325))*(1-(0.43+0.014*'Drag Polar'!$D$31)*SQRT(BH106)) -> 0.87224995 | BM106: =SQRT((B106*2)/($H$67*$H$68)) -> 20.761031 | BN106: =BM106/SQRT(($D$66*1.4*8.3145)/(0.0289645)) -> 0.061008527 | BO106: =101325*(1+0.5*(1.4-1)*BN106^2)^3.5 -> 101589.24 | BP106: =((BO106)/(101325))*(1-(0.43+0.014*'Drag Polar'!$D$31)*SQRT(BN106)) -> 0.87878626 | BS106: =SQRT((B106*2)/($D$55*$D$54)) -> 54.997562 | BT106: =BS106/SQRT(($D$52*1.4*8.3145)/(0.0289645)) -> 0.1770694 | BU106: =$D$53*(1+0.5*(1.4-1)*BT106^2)^3.5 -> 40169.319 | BV106: =((BU106)/(101325))*(1-(0.43+0.014*'Drag Polar'!$D$31)*SQRT(BT106)) -> 0.31303007
B107: 700 | C107: =(1.225*$D$21^2*$D$16)/($D$24*2*1.23^2) -> 5379.4076 | D107: =($D$30*$D$34*$D$16)/(2*$D$24*0.45) -> 5788.6335 | F107: =((TLAR!$B$21/AL107))*(SQRT(($D$47^2*(1.225*0.3345)*SQRT(Sheet1!$C$9))/((TLAR!$B$21*B107*2)))+2*SQRT(Sheet1!$C$10)) -> 0.40066266 | G107: =((TLAR!$B$40)/(TLAR!$B$40-0))*(TLAR!$F$6/AR107)*((TLAR!$F$11*0.01)+2*SQRT(($D$64)/(PI()*'Drag Polar'!$D$6*$D$65))) -> 0.17001623 | H107: =((TLAR!$B$40)/(TLAR!$B$40-1))*(TLAR!$F$14/AX107)*((TLAR!$F$19*0.01)+2*SQRT(($E$64)/(PI()*'Drag Polar'!$D$6*$E$65))) -> 0.23998103 | I107: =((TLAR!$B$40)/(TLAR!$B$40-1))*(TLAR!$F$21/BD107)*((TLAR!$F$26*0.01)+2*SQRT(($F$64)/(PI()*'Drag Polar'!$D$6*$F$65))) -> 0.25676493 | J107: =((TLAR!$B$40)/(TLAR!$B$40-1))*(TLAR!$F$28/BJ107)*((TLAR!$F$33*0.01)+2*SQRT(($G$64)/(PI()*'Drag Polar'!$D$6*$G$65))) -> 0.17106717 | K107: =((TLAR!$B$40)/(TLAR!$B$40-1))*(TLAR!$F$35/BP107)*((TLAR!$F$40*0.01)+2*SQRT(($H$64)/(PI()*'Drag Polar'!$D$6*$H$65))) -> 0.21341155 | L107: =1.15*SQRT(((TLAR!$B$40)/(TLAR!$B$40-1))*((B107)/($D$73*0.85*1.225*9.81*PI()*'Drag Polar'!$E$42*'Drag Polar'!$D$6)))+((TLAR!$B$40)/(TLAR!$B$40-1))*((4*11)/($D$73)) -> 0.08486069 | AI107: =SQRT((B107*2)/($D$55*$D$54)) -> 59.404156 | AJ107: =AI107/SQRT(($D$52*1.4*8.3145)/(0.0289645)) -> 0.19125681 | AK107: =$D$53*(1+0.5*(1.4-1)*AJ107^2)^3.5 -> 40315.529 | AL107: =((AK107)/(101325))*(1-(0.43+0.014*'Drag Polar'!$D$31)*SQRT(AJ107)) -> 0.31088034 | AO107: =SQRT((B107*2)/($D$67*$D$68)) -> 22.424476 | AP107: =AO107/SQRT(($D$66*1.4*8.3145)/(0.0289645)) -> 0.06589674 | AQ107: =101325*(1+0.5*(1.4-1)*AP107^2)^3.5 -> 101633.33 | AR107: =((AQ107)/(101325))*(1-(0.43+0.014*'Drag Polar'!$D$31)*SQRT(AP107)) -> 0.8743006 | AU107: =SQRT((B107*2)/($E$67*$E$68)) -> 25.071327 | AV107: =AU107/SQRT(($D$66*1.4*8.3145)/(0.0289645)) -> 0.073674795 | AW107: =101325*(1+0.5*(1.4-1)*AV107^2)^3.5 -> 101710.52 | AX107: =((AW107)/(101325))*(1-(0.43+0.014*'Drag Polar'!$D$31)*SQRT(AV107)) -> 0.86757287 | BA107: =SQRT((B107*2)/($E$67*$E$68)) -> 25.071327 | BB107: =BA107/SQRT(($D$66*1.4*8.3145)/(0.0289645)) -> 0.073674795 | BC107: =101325*(1+0.5*(1.4-1)*BB107^2)^3.5 -> 101710.52 | BD107: =((BC107)/(101325))*(1-(0.43+0.014*'Drag Polar'!$D$31)*SQRT(BB107)) -> 0.86757287 | BG107: =SQRT((B107*2)/($E$67*$E$68)) -> 25.071327 | BH107: =BG107/SQRT(($D$66*1.4*8.3145)/(0.0289645)) -> 0.073674795 | BI107: =101325*(1+0.5*(1.4-1)*BH107^2)^3.5 -> 101710.52 | BJ107: =((BI107)/(101325))*(1-(0.43+0.014*'Drag Polar'!$D$31)*SQRT(BH107)) -> 0.86757287 | BM107: =SQRT((B107*2)/($H$67*$H$68)) -> 22.424476 | BN107: =BM107/SQRT(($D$66*1.4*8.3145)/(0.0289645)) -> 0.06589674 | BO107: =101325*(1+0.5*(1.4-1)*BN107^2)^3.5 -> 101633.33 | BP107: =((BO107)/(101325))*(1-(0.43+0.014*'Drag Polar'!$D$31)*SQRT(BN107)) -> 0.8743006 | BS107: =SQRT((B107*2)/($D$55*$D$54)) -> 59.404156 | BT107: =BS107/SQRT(($D$52*1.4*8.3145)/(0.0289645)) -> 0.19125681 | BU107: =$D$53*(1+0.5*(1.4-1)*BT107^2)^3.5 -> 40315.529 | BV107: =((BU107)/(101325))*(1-(0.43+0.014*'Drag Polar'!$D$31)*SQRT(BT107)) -> 0.31088034
B108: 800 | C108: =(1.225*$D$21^2*$D$16)/($D$24*2*1.23^2) -> 5379.4076 | D108: =($D$30*$D$34*$D$16)/(2*$D$24*0.45) -> 5788.6335 | E108: =(TLAR!$B$21/$AN$96)*(('Drag Polar'!$D$39*0.5*(1.225*0.3345)*Sheet1!$C$5^2)/(TLAR!$B$21*B108)+(TLAR!$B$21*B108)/('Drag Polar'!$D$26*PI()*'Drag Polar'!$D$6*0.5*(1.225*0.3345)*Sheet1!$C$5^2)) -> 1.5710624 | F108: =((TLAR!$B$21/AL108))*(SQRT(($D$47^2*(1.225*0.3345)*SQRT(Sheet1!$C$9))/((TLAR!$B$21*B108*2)))+2*SQRT(Sheet1!$C$10)) -> 0.38935962 | G108: =((TLAR!$B$40)/(TLAR!$B$40-0))*(TLAR!$F$6/AR108)*((TLAR!$F$11*0.01)+2*SQRT(($D$64)/(PI()*'Drag Polar'!$D$6*$D$65))) -> 0.17079624 | H108: =((TLAR!$B$40)/(TLAR!$B$40-1))*(TLAR!$F$14/AX108)*((TLAR!$F$19*0.01)+2*SQRT(($E$64)/(PI()*'Drag Polar'!$D$6*$E$65))) -> 0.24113632 | I108: =((TLAR!$B$40)/(TLAR!$B$40-1))*(TLAR!$F$21/BD108)*((TLAR!$F$26*0.01)+2*SQRT(($F$64)/(PI()*'Drag Polar'!$D$6*$F$65))) -> 0.25800103 | J108: =((TLAR!$B$40)/(TLAR!$B$40-1))*(TLAR!$F$28/BJ108)*((TLAR!$F$33*0.01)+2*SQRT(($G$64)/(PI()*'Drag Polar'!$D$6*$G$65))) -> 0.1718907 | K108: =((TLAR!$B$40)/(TLAR!$B$40-1))*(TLAR!$F$35/BP108)*((TLAR!$F$40*0.01)+2*SQRT(($H$64)/(PI()*'Drag Polar'!$D$6*$H$65))) -> 0.21439065 | L108: =1.15*SQRT(((TLAR!$B$40)/(TLAR!$B$40-1))*((B108)/($D$73*0.85*1.225*9.81*PI()*'Drag Polar'!$E$42*'Drag Polar'!$D$6)))+((TLAR!$B$40)/(TLAR!$B$40-1))*((4*11)/($D$73)) -> 0.088452746 | AI108: =SQRT((B108*2)/($D$55*$D$54)) -> 63.505714 | AJ108: =AI108/SQRT(($D$52*1.4*8.3145)/(0.0289645)) -> 0.20446213 | AK108: =$D$53*(1+0.5*(1.4-1)*AJ108^2)^3.5 -> 40462.119 | AL108: =((AK108)/(101325))*(1-(0.43+0.014*'Drag Polar'!$D$31)*SQRT(AJ108)) -> 0.30904655 | AO108: =SQRT((B108*2)/($D$67*$D$68)) -> 23.972774 | AP108: =AO108/SQRT(($D$66*1.4*8.3145)/(0.0289645)) -> 0.070446578 | AQ108: =101325*(1+0.5*(1.4-1)*AP108^2)^3.5 -> 101677.43 | AR108: =((AQ108)/(101325))*(1-(0.43+0.014*'Drag Polar'!$D$31)*SQRT(AP108)) -> 0.87030775 | AU108: =SQRT((B108*2)/($E$67*$E$68)) -> 26.802376 | AV108: =AU108/SQRT(($D$66*1.4*8.3145)/(0.0289645)) -> 0.078761669 | AW108: =101325*(1+0.5*(1.4-1)*AV108^2)^3.5 -> 101765.67 | AX108: =((AW108)/(101325))*(1-(0.43+0.014*'Drag Polar'!$D$31)*SQRT(AV108)) -> 0.86341629 | BA108: =SQRT((B108*2)/($E$67*$E$68)) -> 26.802376 | BB108: =BA108/SQRT(($D$66*1.4*8.3145)/(0.0289645)) -> 0.078761669 | BC108: =101325*(1+0.5*(1.4-1)*BB108^2)^3.5 -> 101765.67 | BD108: =((BC108)/(101325))*(1-(0.43+0.014*'Drag Polar'!$D$31)*SQRT(BB108)) -> 0.86341629 | BG108: =SQRT((B108*2)/($E$67*$E$68)) -> 26.802376 | BH108: =BG108/SQRT(($D$66*1.4*8.3145)/(0.0289645)) -> 0.078761669 | BI108: =101325*(1+0.5*(1.4-1)*BH108^2)^3.5 -> 101765.67 | BJ108: =((BI108)/(101325))*(1-(0.43+0.014*'Drag Polar'!$D$31)*SQRT(BH108)) -> 0.86341629 | BM108: =SQRT((B108*2)/($H$67*$H$68)) -> 23.972774 | BN108: =BM108/SQRT(($D$66*1.4*8.3145)/(0.0289645)) -> 0.070446578 | BO108: =101325*(1+0.5*(1.4-1)*BN108^2)^3.5 -> 101677.43 | BP108: =((BO108)/(101325))*(1-(0.43+0.014*'Drag Polar'!$D$31)*SQRT(BN108)) -> 0.87030775 | BS108: =SQRT((B108*2)/($D$55*$D$54)) -> 63.505714 | BT108: =BS108/SQRT(($D$52*1.4*8.3145)/(0.0289645)) -> 0.20446213 | BU108: =$D$53*(1+0.5*(1.4-1)*BT108^2)^3.5 -> 40462.119 | BV108: =((BU108)/(101325))*(1-(0.43+0.014*'Drag Polar'!$D$31)*SQRT(BT108)) -> 0.30904655
...

Sheet Wing
A1: Assignment 8.1 | C1: Unit
A2: Cruise Mach number | B2: =TLAR!B18 -> 0.82 | D2: (From TLAR)
A3: Determine the quarter chord sweep angle | B3: =24.02 -> 24.02 | C3: Deg
A4: Why did you choose this angle? | B4: This angle was claluated using a formula given in the book, which is based on the statistical data from other aircraft
A6: Assignment 8.2
A7: Determine the taper ratio for your wing | B7: =B14/B13 -> 0.29565217 | C7: -
A8: Why did you choose this taper ratio? | B8: This angle was claluated using a formula given in the book, which assumed strait-tapered wing and the tip to chord ratios which were chosen in the Drag polar sheet of this excel
A10: Assignment 8.3
A11: Wing aspect ratio | B11: ='Drag Polar'!D6 -> 8.8495788 | D11: (From drag polar 6.1)
A12: Calculate the span | B12: 26.17 | C12: m
A13: Calculate the root chord | B13: 4.83 | C13: m
A14: Calculate the tip chord | B14: 1.428 | C14: m
A15: On a separate paper, draw the planform of your wing (you may also draw one wing half) and indicate the dimensions/angle
A17: Assignment 8.4
A18: In the previous drawing, draw the mean aerodynamic chord on the symmetry line of the wing and indicate the length
A19: Length MAC: | B19: =((2*B13)/(3))*((1+B7+B7^2)/(1+B7)) -> 3.4372349 | C19: m
A21: Assignment 8.5
A22: Calculate the maximum zero lift drag coefficient of the two-dimensional airfoil for your wing | B22: ='Drag Polar'!D19*(2-((B13*Fuselage!E46)/('Matching Diagram'!D92))) -> 0.0054913923 | C22: -
A23: What is the corresponding maximum thickness-to-chord ratio? | B23: =(B22-0.0035)/(0.018) -> 0.1106329 | C23: -
A24: Calculate the minimum zero lift drag coefficient of the two-dimensional airfoil for your wing | B24: =1.1*(('Matching Diagram'!D13)/(SQRT(COS((B3*PI())/180)))) -> 1.4962519 | C24: -
A25: What is the corresponding minimum thickness-to-chord ratio? | B25: =7/100 -> 0.07 | C25: -
A26: What is the corresponding maximum thickness-to-chord ratio? | B26: =22/100 -> 0.22 | C26: -
A27: If the Cruise Mach number is in excess of 0.65; what is the maximum thickness-to-chord ratio to minimize the wave drag? | B27: =((((COS(21.8*PI()/180))^3)*(0.935-(B2+0.03)*COS(21.8*PI()/180))-0.115*('Matching Diagram'!AP96)^(1.5))/((COS(21.8*PI()/180))^2)) -> 0.089065839 | C27: -
A28: Based on these calculations, what is the minimum value of the thickness-to-chord ratio? | B28: =MIN(B25) -> 0.07 | C28: -
A29: What is the maximum value of the thickness-to-chord ratio? | B29: =MIN(B23,B26,B27) -> 0.089065839 | C29: -
A30: What value do you choose for the thickness-to-chord ratio? | B30: =B29 -> 0.089065839 | C30: -
A31: Is there a need to revisit your earlier assumptions on CLmax_cruise and/or Cf based on your choice of t/c? | B31: No
A32: If so, report your initially assumed and calculated values in the design log book. Make sure to report all values, also from previous assignments that could be impacted and report the changes you have made to assumptions.
A33: This information is important for tracability of your design decisions, in case you need to modify something later on.
A35: Assignment 8.6
A36: Calculate the dihedral angle of your wing | B36: =3-0.1*B3+2 -> 2.598 | C36: Deg
A37: Based on ground clearance considerations, you increase this angle? | B37: Yes
A38: If so, why? | B38: My engines are mounted to the fuselage at the back, so it only the tip clearence which is important and 2.6 deg is enough ground clearence for the wing tips, but 3 I want to round it up to 3 deg for better stability
A39: What dihedral angle do you finally choose? | B39: 3 | C39: Deg
A41: Assignment 8.7
A42: Using the steps presented above, add a front view and side view to the wing drawing you made in Assignment 8.3.
A43: Use the American convention for positioning your front view and side view with respect to your top view, similar to Example 8.5.
A44: Indicate the dihedral angle and ΔZ value om the drawing
A46: Make a picture of your drawing, this may come in handy later!

Sheet Propulsion System
A1: From configuration selection
A2: ='Configuration Selection'!A10 -> Aircraft engine type: | D2: ='Configuration Selection'!B10 -> jet
A3: ='Configuration Selection'!A11 -> No. of engines | D3: ='Configuration Selection'!B11 -> 2
A4: ='Configuration Selection'!A13 -> Integration | D4: ='Configuration Selection'!B13 -> On fuselage side
A5: Would you like to change the configuration of your engines/layout? | D5: No
A6: If yes, please record this change in the logbook (old values) and update the configuration selection (and dependent calculations)
A8: For propeller engines: | E8: Unit
A9: Calculate engine diameter | E9: m
A10: Calculate engine length | E10: m
A11: Calculate propeller diameter | E11: m
A12: Calculate engine envelope width | E12: m
A13: Calculate engine envelope length | E13: m
A14: Calculate engine envelope height | E14: m
A15: On a separate sheet, draw a three view of your engine, envelope, propeller and spinner, including the main dimensions.
A17: For jet engines: | E17: Unit
A18: By-pass ratio | D18: ='Drag Polar'!D31 -> 5
A19: Choose an appropriate turbine inlet temperature (Tt4) | E19: K
A20: Assume a value for the combined turbine and fan efficiency ηtf | E20: -
A21: Assume a value for the nozzle effiency, ηnoz | E21: -
A22: Calculate the gas generator property, G | E22: -
A23: Calculate the mass flow through your engine | E23: kg/s
A24: What type of nacelle do you choose for your turbofan engine?
A25: Explain your decision
A26: Calculate the inlet diameter | E26: m
A27: Calculate the nacelle length (excluding cone) | E27: m
A28: Determine a value for ϕ | E28: -
A29: Calculate the fan cowling length | E29: m
A30: Calculate the maximum nacelle diameter | E30: m
A31: Calculate exit diameter of the fan cowling | E31: m
A32: Determine the exposed gas generator cowling length | E32: m
A33: Calculate the cowling diameter of the exposed gasturbine core at fan cowling exit | E33: m
A34: Calculate the exit diameter of the gasturbine cowling | E34: m
A35: On a separate sheet, draw a three view of your engine, envelope, propeller and spinner, including the main dimensions.
A37: Complete wing/fuselage drawings
A38: Complete the 3 view drawings of your wing or fuselage by adding the engines to the different views, depending on the configuration you chose for your engines
A39: Make sure to add a pylon or fairing, depending on your type of engine.
A40: Make sure that when integrating your engines that all integration constraints are met.
A41: What are your considerations for positioning the engines w.r.t. minimizing the maximum take-off mass of your aircraft?
A43: Make a picture of your drawing, this may come in handy later!

Sheet Propultion System 2
A1: From configuration selection
A2: ='Configuration Selection'!A10 -> Aircraft engine type: | D2: ='Configuration Selection'!B10 -> jet
A3: ='Configuration Selection'!A11 -> No. of engines | D3: ='Configuration Selection'!B11 -> 2
A4: ='Configuration Selection'!A13 -> Integration | D4: ='Configuration Selection'!B13 -> On fuselage side
A5: Would you like to change the configuration of your engines/layout? | D5: No
A6: If yes, please record this change in the logbook (old values) and update the configuration selection (and dependent calculations)
A8: For propeller engines: | E8: Unit
A9: Calculate engine diameter | E9: m
A10: Calculate engine length | E10: m
A11: Calculate propeller diameter | E11: m
A12: Calculate engine envelope width | E12: m
A13: Calculate engine envelope length | E13: m
A14: Calculate engine envelope height | E14: m
A15: On a separate sheet, draw a three view of your engine, envelope, propeller and spinner, including the main dimensions.
A17: For jet engines: | E17: Unit
A18: By-pass ratio | D18: ='Drag Polar'!D31 -> 5
A19: Choose an appropriate turbine inlet temperature (Tt4) | D19: =(1830+1970)/2 -> 1900 | E19: K
A20: Assume a value for the combined turbine and fan efficiency ηtf | D20: 0.75 | E20: -
A21: Assume a value for the nozzle effiency, ηnoz | D21: 0.97 | E21: -
A22: Calculate the gas generator property, G | D22: =((D19)/(600))-1.25 -> 1.9166667 | E22: -
A23: Calculate the mass flow through your engine | D23: =(('Matching Diagram'!D94*1000)/(D3*340))*((1+D18)/(SQRT(5*D21*D22*(1+D20*D18)))) -> 157.30013 | E23: kg/s
A24: What type of nacelle do you choose for your turbofan engine? | D24: Type B
A25: Explain your decision | D25: Reduces thrust-specific fuel consumption, however increases the wetted area. But importantly it is more quiet, which is an important considerartion for my design
A26: Calculate the inlet diameter | D26: =1.65*SQRT(((D23)/(1.225*340)+0.005)/(1-('Matching Diagram'!AQ95)^2)) -> 1.0392919 | E26: m
A27: Calculate the nacelle length (excluding cone) | D27: 3.9 | E27: m
A28: Determine a value for ϕ | D28: 1 | E28: -
A29: Calculate the fan cowling length | D29: =D28*D27 -> 3.9 | E29: m
A30: Calculate the maximum nacelle diameter | D30: =D26+0.06*D29+0.03 -> 1.3032919 | E30: m
A31: Calculate exit diameter of the fan cowling | D31: =D30*(1-((D28^2)/(3))) -> 0.86886128 | E31: m
A32: Determine the exposed gas generator cowling length | E32: m
A33: Calculate the cowling diameter of the exposed gasturbine core at fan cowling exit | E33: m
A34: Calculate the exit diameter of the gasturbine cowling | E34: m
A35: On a separate sheet, draw a three view of your engine, envelope, propeller and spinner, including the main dimensions.
A37: Complete wing/fuselage drawings
A38: Complete the 3 view drawings of your wing or fuselage by adding the engines to the different views, depending on the configuration you chose for your engines
A39: Make sure to add a pylon or fairing, depending on your type of engine.
A40: Make sure that when integrating your engines that all integration constraints are met.
A41: What are your considerations for positioning the engines w.r.t. minimizing the maximum take-off mass of your aircraft? | D41: Place them as clsoe to the fuselage while still having clean aiflow going tino the engoines to minimise the pylon weight.
A43: Make a picture of your drawing, this may come in handy later!

Sheet CG and Loading Diagram
A1: Fill out the table below, use statistical data on the component weight fractions
C2: Unit | G2: Unit
A3: (x/c)OEW cg | B3: 0.15 | C3: fraction of MAC | E3: Fuselage length | F3: =Fuselage!B61 -> 0 | G3: m
E4: Nacelle length | F4: =IF('Propulsion System'!D2="propeller",'Propulsion System'!B10,'Propulsion System'!B27) -> 0 | G4: m
E5: MAC | F5: =Wing!B19 -> 3.4372349 | G5: m
E6: =IF(OR('Configuration Selection'!$B$13="Under wing",'Configuration Selection'!$B$13="Over wing",'Configuration Selection'!$B$13="Burried in the wing"),"x_hl","X_hl") -> X_hl | F6: =0.4*'Propultion System 2'!D27 -> 1.56 | G6: m
B8: fuselage group | E8: wing group
A9: item | B9: Mi | C9: Xi (m) | D9: MiXi (m) | E9: Mj | F9: xj (m) | G9: Mjxj (m)
A10: wing | E10: 0.092 | F10: 1.5 | G10: =E10*F10 -> 0.138
A11: empennage | B11: 0.024 | C11: 38 | D11: =B11*C11 -> 0.912
A12: fuselage | B12: 0.8 | C12: 18.5 | D12: =B12*C12 -> 14.8
A13: nacelle | B13: 0.016 | C13: =0.8*40 -> 32 | D13: =B13*C13 -> 0.512
A14: propulsion | B14: 0.106 | C14: 32 | D14: =B14*C14 -> 3.392
A15: fixed equipment | B15: 0.153 | C15: 18.5 | D15: =B15*C15 -> 2.8305
A16: sum | B16: =SUM(B10:B15) -> 1.099 | C16: =SUM(D10:D15)/B16 -> 20.424477 | E16: =E10 -> 0.092 | F16: =G10/E16 -> 1.5
D18: Unit
A19: Calculate the leading edge position of the MAC | B19: XLEMAC | C19: =C16+F5*(((F16)/(F5))*((E16)/(B16))-B3*(1+((E16)/(B16)))) -> 19.991299 | D19: m
B20: XTEMAC | C20: =C19+F5 -> 23.428534 | D20: m
A21: Next, calculate the CG travel during loading in the table below
A22: The loading diagram will be plotted automatically
A24: item | B24: Mi | C24: Xi (m) | D24: MiXi (m)
A25: OEW | B25: ='Mass Estimation'!B12 -> 0.5568684 | C25: =C19+B3*F5 -> 20.506885 | D25: =B25*C25 -> 11.419636
A26: payload | B26: ='Mass Estimation'!B24 -> 0.2873439 | C26: 19.89 | D26: =B26*C26 -> 5.7152702
A27: fuel | B27: ='Mass Estimation'!B5 -> 0.1557877 | C27: =C19+F5/8 -> 20.420954 | D27: =B27*C27 -> 3.1813335
A28: X_(WOE+WP) | B28: =B25+B26 -> 0.8442123 | C28: =((D25+D26)/(B28)) -> 20.296916
A29: X_(WOE+WP+WF) | B29: =B25+B26+B27 -> 1 | C29: =((D25+D26+D27)/(B29)) -> 20.31624
A30: X_(WOE+WF) | B30: =B25+B27 -> 0.7126561 | C30: =((D25+D27)/(B30)) -> 20.4881
C32: Unit
A33: Most forward CG position | B33: =MIN(C28:C30) -> 20.296916 | C33: m
A34: Most aft CG position | B34: =MAX(C28:C30) -> 20.4881 | C34: m
A36: Copy the loading diagram that is generated from Excel to a program of your choice (paint, powerpoint, etc.). Save this as a separate image with the name <studentID>_loadingDiagram.jpg
A38: Complete aircraft 3 view drawings
A39: Now that you know the position of the wing from the leading edge MAC position, you can make a 3 view drawing of your aircraft.
A40: Complete the 3 view drawings of your aircraft. Combine wing, fuselage and propulsion systems in the different views. Indicate the CG positions (OEW, forward, aft) in the side view.
A42: Make a picture of your drawing, this may come in handy later!

Sheet Landing Gear
A1: Landing gear design and positioning
A2: Determine the number of main landing gear wheels for your aircraft: | D2: =('Mass Estimation'!B15*9.81)/120000 -> 3.40407 | E2: -
A3: Determine the number of wheels per main gear strut: | D3: 2 | E3: -
A4: LCN number | D4: 62
A5: Determine the tire pressure | E5: kPa
A6: Compute static load per main gear wheel | E6: kg
A7: Compute static load per main gear wheel | E7: kg
A8: Select the smallest applicable tire and report:
A9: Specify the type (British or American) of tire | E9: -
A10: Tire diameter | E10: m
A11: Tire width | E11: m
A13: Make sure you have a good quality picture/copy of your drawing before adding the landing gear. You may want to try this first in a copy!
A15: Nose gear positioning | E15: Unit
A16: Choose a shock absorber stroke: | E16: m
A17: In your aircraft side view:
A18: Draw scrape-angle constraint on wheel with compressed oleo
A19: Draw tip-over constraint for axle with extended oleo
A20: Determine longitudinal location of MLG wheel
A21: Determine forward bound of NLG axle for steering constraint
A22: Determine longitudinal location of NLG
A23: Check retraction
A25: Do you need to modify your landing gear position/design? | E25: -
A26: If yes, report this in the design log book before redesigning. Make sure to report the constraint that is violated and what changes are required.
A28: Make sure you have a good quality picture/copy of your drawing before adding the landing gear. You may want to try this first in a copy!
A30: Main gear positioning
A31: Show (initial) axle locations of NLG and MLG in your aircraft topview
A32: In your aircraft front and topview, draw ground clearance constraints
A33: Compute minimum track width for lateral tip over: | E33: m
A34: Determine and draw the lateral and longitudinal position of MLG (axle)
A35: Check the feasibility of retraction mechanism; draw the retracted state
A37: Do you need to modify your landing gear position/design? | E37: -
A38: If yes, report this in the design log book before redesigning. Make sure to report the constraint that is violated and what changes are required.
A40: If necessary, draw an auxiliary spar and yehudi. Report this in your design log book as well.
A41: If necessary, draw a fairing. Report this in your design log book as well.
A43: Complete the 3 view drawings with the nose and main gear.
A45: Make a picture of your drawing, this may come in handy later!

Sheet Landing Gear 2
A1: Landing gear design and positioning
A2: Determine the number of main landing gear wheels for your aircraft: | D2: =('Mass Estimation'!B15*9.81)/120000 -> 3.40407 | E2: -
A3: Determine the number of wheels per main gear strut: | D3: 2 | E3: -
A4: LCN number | D4: 62
A5: Determine the tire pressure | D5: =430*LN(D4)-680 -> 1094.6678 | E5: kPa
A6: Compute static load per main gear wheel | D6: =0.92*'Mass Estimation'!B15/D2 -> 11253.823 | E6: kg
A7: Compute static load per main gear wheel | D7: =0.08*'Mass Estimation'!B15/2 -> 1665.6 | E7: kg
A8: Select the smallest applicable tire and report:
A9: Specify the type (British or American) of tire | D9: American | E9: -
A10: Tire diameter | D10: =40*0.0254 -> 1.016 | E10: m
A11: Tire width | D11: =14*0.0254 -> 0.3556 | E11: m
A13: Make sure you have a good quality picture/copy of your drawing before adding the landing gear. You may want to try this first in a copy!
A15: Nose gear positioning | E15: Unit
A16: Choose a shock absorber stroke: | D16: 0.28 | E16: m
A17: In your aircraft side view:
A18: Draw scrape-angle constraint on wheel with compressed oleo
A19: Draw tip-over constraint for axle with extended oleo
A20: Determine longitudinal location of MLG wheel
A21: Determine forward bound of NLG axle for steering constraint
A22: Determine longitudinal location of NLG
A23: Check retraction
A25: Do you need to modify your landing gear position/design? | D25: No | E25: -
A26: If yes, report this in the design log book before redesigning. Make sure to report the constraint that is violated and what changes are required.
A28: Make sure you have a good quality picture/copy of your drawing before adding the landing gear. You may want to try this first in a copy!
A30: Main gear positioning
A31: Show (initial) axle locations of NLG and MLG in your aircraft topview
A32: In your aircraft front and topview, draw ground clearance constraints
A33: Compute minimum track width for lateral tip over: | D33: 3.31 | E33: m
A34: Determine and draw the lateral and longitudinal position of MLG (axle)
A35: Check the feasibility of retraction mechanism; draw the retracted state
A37: Do you need to modify your landing gear position/design? | D37: No | E37: -
A38: If yes, report this in the design log book before redesigning. Make sure to report the constraint that is violated and what changes are required.
A40: If necessary, draw an auxiliary spar and yehudi. Report this in your design log book as well.
A41: If necessary, draw a fairing. Report this in your design log book as well.
A43: Complete the 3 view drawings with the nose and main gear.
A45: Make a picture of your drawing, this may come in handy later!

Sheet Tail
A1: Horizontal Tail | E1: Unit
A2: Make sure you have a good quality picture/copy of your drawing before adding the tail. You may want to try this first in a copy, or by drawing the tail on a separate sheet and use this for positioning!
A3: Choose a longitudinal location of the horizontal tail aerodynamic center: | D3: 0.3 | E3: -
A4: Determine the moment arm to the aft-most CG position: | D4: =Fuselage!E61-'CG and Loading Diagram'!B34 -> 15.9779 | E4: m
A5: Select an appropriate volume coefficient: | D5: 1.5 | E5: -
A6: Compute the required tail area: | D6: =((D5*'Matching Diagram'!D92*'CG and Loading Diagram'!F5)/(D4)) -> 24.54631 | E6: m2
A7: Determine the tail sweep: | D7: 40 | E7: Deg
A8: Determine the tail aspect ratio: | D8: 4 | E8: -
A9: Determine the tail taper ratio: | D9: 0.45 | E9: -
A10: Determine the tail span: | D10: =SQRT(D6*D8) -> 9.9088466 | E10: m
A11: Determine the tail root chord: | D11: =((2*D6)/((1+D9)*D10)) -> 3.4168436 | E11: m
A12: Determine the tail tip chord: | D12: =D11*D9 -> 1.5375796 | E12: m
A13: Determine the tail MAC: | D13: =((2*D11)/(3))*((1+D9+D9^2)/(1+D9)) -> 2.5960157 | E13: m
A14: Draw and position the surface in the fuselage top view, indicate the key dimensions.
A16: Vertical tail
A17: Make sure you have a good quality picture/copy of your drawing before adding the tail. You may want to try this first in a copy, or by drawing the tail on a separate sheet and use this for positioning!
A18: Choose a longitudinal location of the vertical tail aerodynamic center: | D18: 0.3 | E18: -
A19: Determine the moment arm to the most aft CG position | D19: =Fuselage!E61-'CG and Loading Diagram'!B34 -> 15.9779 | E19: m
A20: Select an appropriate volume coefficient: | D20: 0.13 | E20: -
A21: Compute the required tail area: | D21: =((D20*'Matching Diagram'!D92*'Matching Diagram'!D93)/(D19)) -> 16.058061 | E21: m2
A22: Determine the tail sweep: | D22: 38 | E22: Deg
A23: Determine the tail aspect ratio: | D23: 1.5 | E23: -
A24: Determine the tail taper ratio: | D24: 0.6 | E24: -
A25: Determine the tail span: | D25: =SQRT(D21*D23) -> 4.9078602 | E25: m
A26: Determine the tail root chord: | D26: =((2*D21)/((1+D24)*D25)) -> 4.0898835 | E26: m
A27: Determine the tail tip chord: | D27: =D26*D24 -> 2.4539301 | E27: m
A28: Determine the tail MAC: | D28: =((2*D26)/(3))*((1+D24+D24^2)/(1+D24)) -> 3.3400716 | E28: m
A29: Draw and position the surface in the fuselage side view, indicate the key dimensions.
A31: Complete drawings
A32: Complete the 3 view drawings of your aircraft. Add the tail surfaces to the different views.
A33: Make a picture of your final aircraft 3 view drawing and save it as <studentID>_aircraft3View.jpg

Sheet Sheet2
C6: CS-23 | F6: hydrogen
F7: electricity
A10: Dropdown lists
K11: academic year
A12: Runway surface | C12: Engine type | D12: Aircraft type | F12: energy carrier | H12: nacelle type | K12: Before 2023/2024
A13: asphalt/tarmac | C13: jet | D13: Single aisle | F13: kerosene | H13: Type B | K13: 2023/2024
A14: grass | C14: propeller | D14: Twin aisle | H14: Type C
A15: gravel | D15: Regional
A16: concrete | D16: Commuter
D17: General aviation | F17: engine integration
A18: Runway condition | C18: CS | F18: Under wing
A19: dry | C19: CS-25 | D19: wing position | F19: Over wing
A20: wet | D20: high | F20: On fuselage side
A21: icy | D21: mid | F21: Burried in the wing
D22: low | F22: In fuselage nose
A23: Flap setting | C23: Landing gear configuration | F23: Tail mounted
A24: Landing | C24: Retracted | F24: Wing mounted + tail
A25: Take-off | C25: Extended | F25: Fuselage mounted + tail
A26: Clean
C27: Retractable | F27: Tail configurations
A28: Condition | C28: Fixed | F28: Low tail
A29: OEI | F29: T-Tail
A30: AEO | C30: Fuselage mounted | F30: Cruciform tail
C31: Wing mounted | F31: Tailless
F32: V-Tail
C33: Tail dragger | F33: Y-Tail
C34: Tricycle | F34: Twin-boom
C35: Bicycle | F35: Twin-vertical
F36: Triple-vertical
